{"v":"5.7.4","fr":30,"ip":0,"op":300,"w":700,"h":300,"nm":"Bar Glowlu Final Mavi","ddd":0,"assets":[],"fonts":{"list":[{"fName":"TTNorms-Bold","fFamily":"TT Norms","fStyle":"Bold","ascent":74.0180053710938}]},"layers":[{"ddd":0,"ind":2,"ty":5,"nm":"Loading... 2","sr":1,"ks":{"o":{"a":1,"k":[{"i":{"x":[0.833],"y":[0.833]},"o":{"x":[0.167],"y":[0.167]},"t":0,"s":[0]},{"i":{"x":[0.833],"y":[0.833]},"o":{"x":[0.167],"y":[0.167]},"t":10,"s":[100]},{"i":{"x":[0.833],"y":[0.833]},"o":{"x":[0.167],"y":[0.167]},"t":284,"s":[100]},{"t":292,"s":[0]}],"ix":11},"r":{"a":0,"k":0,"ix":10},"p":{"a":0,"k":[351.5,106.5,0],"ix":2,"l":2},"a":{"a":0,"k":[0,0,0],"ix":1,"l":2},"s":{"a":0,"k":[60,60,100],"ix":6,"l":2}},"ao":0,"t":{"d":{"k":[{"s":{"s":38,"f":"TTNorms-Bold","t":"Loading...","j":2,"tr":20,"lh":45.6,"ls":0,"fc":[1,1,1]},"t":0}]},"p":{},"m":{"g":1,"a":{"a":0,"k":[0,0],"ix":2}},"a":[]},"ip":0,"op":300,"st":0,"bm":0},{"ddd":0,"ind":3,"ty":5,"nm":"Loading...","sr":1,"ks":{"o":{"a":1,"k":[{"i":{"x":[0.833],"y":[0.833]},"o":{"x":[0.167],"y":[0.167]},"t":0,"s":[0]},{"i":{"x":[0.833],"y":[0.833]},"o":{"x":[0.167],"y":[0.167]},"t":10,"s":[100]},{"i":{"x":[0.833],"y":[0.833]},"o":{"x":[0.167],"y":[0.167]},"t":284,"s":[100]},{"t":292,"s":[0]}],"ix":11},"r":{"a":0,"k":0,"ix":10},"p":{"a":0,"k":[351.5,106.5,0],"ix":2,"l":2},"a":{"a":0,"k":[0,0,0],"ix":1,"l":2},"s":{"a":0,"k":[60,60,100],"ix":6,"l":2}},"ao":0,"ef":[{"ty":5,"nm":"Gaussian Blur (Legacy)","np":4,"mn":"ADBE Gaussian Blur","ix":1,"en":1,"ef":[{"ty":0,"nm":"Blurriness","mn":"ADBE Gaussian Blur-0001","ix":1,"v":{"a":0,"k":3.1,"ix":1}},{"ty":7,"nm":"Blur Dimensions","mn":"ADBE Gaussian Blur-0002","ix":2,"v":{"a":0,"k":1,"ix":2}}]}],"t":{"d":{"k":[{"s":{"s":38,"f":"TTNorms-Bold","t":"Loading...","j":2,"tr":20,"lh":45.6,"ls":0,"fc":[1,1,1]},"t":0}]},"p":{},"m":{"g":1,"a":{"a":0,"k":[0,0],"ix":2}},"a":[]},"ip":0,"op":300,"st":0,"bm":0},{"ddd":0,"ind":4,"ty":5,"nm":"0% 4","sr":1,"ks":{"o":{"a":1,"k":[{"i":{"x":[0.833],"y":[0.833]},"o":{"x":[0.167],"y":[0.167]},"t":0,"s":[0]},{"i":{"x":[0.833],"y":[0.833]},"o":{"x":[0.167],"y":[0.167]},"t":10,"s":[100]},{"i":{"x":[0.833],"y":[0.833]},"o":{"x":[0.167],"y":[0.167]},"t":284,"s":[100]},{"t":291.5,"s":[0]}],"ix":11},"r":{"a":0,"k":0,"ix":10},"p":{"a":0,"k":[349.564,194.908,0],"ix":2,"l":2},"a":{"a":0,"k":[-41.162,-13.294,0],"ix":1,"l":2},"s":{"a":0,"k":[60,60,100],"ix":6,"l":2}},"ao":0,"t":{"d":{"k":[{"s":{"s":38,"f":"TTNorms-Bold","t":"0%","j":1,"tr":20,"lh":45.6,"ls":0,"fc":[1,1,1]},"t":10},{"s":{"s":38,"f":"TTNorms-Bold","t":"1%","j":1,"tr":20,"lh":45.6,"ls":0,"fc":[1,1,1]},"t":31},{"s":{"s":38,"f":"TTNorms-Bold","t":"2%","j":1,"tr":20,"lh":45.6,"ls":0,"fc":[1,1,1]},"t":45},{"s":{"s":38,"f":"TTNorms-Bold","t":"3%","j":1,"tr":20,"lh":45.6,"ls":0,"fc":[1,1,1]},"t":54},{"s":{"s":38,"f":"TTNorms-Bold","t":"4%","j":1,"tr":20,"lh":45.6,"ls":0,"fc":[1,1,1]},"t":61},{"s":{"s":38,"f":"TTNorms-Bold","t":"5%","j":1,"tr":20,"lh":45.6,"ls":0,"fc":[1,1,1]},"t":67},{"s":{"s":38,"f":"TTNorms-Bold","t":"6%","j":1,"tr":20,"lh":45.6,"ls":0,"fc":[1,1,1]},"t":73},{"s":{"s":38,"f":"TTNorms-Bold","t":"7%","j":1,"tr":20,"lh":45.6,"ls":0,"fc":[1,1,1]},"t":77},{"s":{"s":38,"f":"TTNorms-Bold","t":"8%","j":1,"tr":20,"lh":45.6,"ls":0,"fc":[1,1,1]},"t":82},{"s":{"s":38,"f":"TTNorms-Bold","t":"9%","j":1,"tr":20,"lh":45.6,"ls":0,"fc":[1,1,1]},"t":86},{"s":{"s":38,"f":"TTNorms-Bold","t":"10%","j":1,"tr":20,"lh":45.6,"ls":0,"fc":[1,1,1]},"t":89},{"s":{"s":38,"f":"TTNorms-Bold","t":"11%","j":1,"tr":20,"lh":45.6,"ls":0,"fc":[1,1,1]},"t":93},{"s":{"s":38,"f":"TTNorms-Bold","t":"12%","j":1,"tr":20,"lh":45.6,"ls":0,"fc":[1,1,1]},"t":96},{"s":{"s":38,"f":"TTNorms-Bold","t":"13%","j":1,"tr":20,"lh":45.6,"ls":0,"fc":[1,1,1]},"t":99},{"s":{"s":38,"f":"TTNorms-Bold","t":"14%","j":1,"tr":20,"lh":45.6,"ls":0,"fc":[1,1,1]},"t":102},{"s":{"s":38,"f":"TTNorms-Bold","t":"15%","j":1,"tr":20,"lh":45.6,"ls":0,"fc":[1,1,1]},"t":104},{"s":{"s":38,"f":"TTNorms-Bold","t":"16%","j":1,"tr":20,"lh":45.6,"ls":0,"fc":[1,1,1]},"t":107},{"s":{"s":38,"f":"TTNorms-Bold","t":"17%","j":1,"tr":20,"lh":45.6,"ls":0,"fc":[1,1,1]},"t":109},{"s":{"s":38,"f":"TTNorms-Bold","t":"18%","j":1,"tr":20,"lh":45.6,"ls":0,"fc":[1,1,1]},"t":112},{"s":{"s":38,"f":"TTNorms-Bold","t":"19%","j":1,"tr":20,"lh":45.6,"ls":0,"fc":[1,1,1]},"t":114},{"s":{"s":38,"f":"TTNorms-Bold","t":"20%","j":1,"tr":20,"lh":45.6,"ls":0,"fc":[1,1,1]},"t":116},{"s":{"s":38,"f":"TTNorms-Bold","t":"21%","j":1,"tr":20,"lh":45.6,"ls":0,"fc":[1,1,1]},"t":118},{"s":{"s":38,"f":"TTNorms-Bold","t":"22%","j":1,"tr":20,"lh":45.6,"ls":0,"fc":[1,1,1]},"t":120},{"s":{"s":38,"f":"TTNorms-Bold","t":"23%","j":1,"tr":20,"lh":45.6,"ls":0,"fc":[1,1,1]},"t":122},{"s":{"s":38,"f":"TTNorms-Bold","t":"24%","j":1,"tr":20,"lh":45.6,"ls":0,"fc":[1,1,1]},"t":124},{"s":{"s":38,"f":"TTNorms-Bold","t":"25%","j":1,"tr":20,"lh":45.6,"ls":0,"fc":[1,1,1]},"t":126},{"s":{"s":38,"f":"TTNorms-Bold","t":"26%","j":1,"tr":20,"lh":45.6,"ls":0,"fc":[1,1,1]},"t":128},{"s":{"s":38,"f":"TTNorms-Bold","t":"27%","j":1,"tr":20,"lh":45.6,"ls":0,"fc":[1,1,1]},"t":130},{"s":{"s":38,"f":"TTNorms-Bold","t":"28%","j":1,"tr":20,"lh":45.6,"ls":0,"fc":[1,1,1]},"t":131},{"s":{"s":38,"f":"TTNorms-Bold","t":"29%","j":1,"tr":20,"lh":45.6,"ls":0,"fc":[1,1,1]},"t":133},{"s":{"s":38,"f":"TTNorms-Bold","t":"30%","j":1,"tr":20,"lh":45.6,"ls":0,"fc":[1,1,1]},"t":134},{"s":{"s":38,"f":"TTNorms-Bold","t":"31%","j":1,"tr":20,"lh":45.6,"ls":0,"fc":[1,1,1]},"t":136},{"s":{"s":38,"f":"TTNorms-Bold","t":"32%","j":1,"tr":20,"lh":45.6,"ls":0,"fc":[1,1,1]},"t":138},{"s":{"s":38,"f":"TTNorms-Bold","t":"33%","j":1,"tr":20,"lh":45.6,"ls":0,"fc":[1,1,1]},"t":139},{"s":{"s":38,"f":"TTNorms-Bold","t":"34%","j":1,"tr":20,"lh":45.6,"ls":0,"fc":[1,1,1]},"t":141},{"s":{"s":38,"f":"TTNorms-Bold","t":"35%","j":1,"tr":20,"lh":45.6,"ls":0,"fc":[1,1,1]},"t":142},{"s":{"s":38,"f":"TTNorms-Bold","t":"36%","j":1,"tr":20,"lh":45.6,"ls":0,"fc":[1,1,1]},"t":144},{"s":{"s":38,"f":"TTNorms-Bold","t":"37%","j":1,"tr":20,"lh":45.6,"ls":0,"fc":[1,1,1]},"t":145},{"s":{"s":38,"f":"TTNorms-Bold","t":"38%","j":1,"tr":20,"lh":45.6,"ls":0,"fc":[1,1,1]},"t":146},{"s":{"s":38,"f":"TTNorms-Bold","t":"39%","j":1,"tr":20,"lh":45.6,"ls":0,"fc":[1,1,1]},"t":148},{"s":{"s":38,"f":"TTNorms-Bold","t":"40%","j":1,"tr":20,"lh":45.6,"ls":0,"fc":[1,1,1]},"t":149},{"s":{"s":38,"f":"TTNorms-Bold","t":"41%","j":1,"tr":20,"lh":45.6,"ls":0,"fc":[1,1,1]},"t":150},{"s":{"s":38,"f":"TTNorms-Bold","t":"42%","j":1,"tr":20,"lh":45.6,"ls":0,"fc":[1,1,1]},"t":152},{"s":{"s":38,"f":"TTNorms-Bold","t":"43%","j":1,"tr":20,"lh":45.6,"ls":0,"fc":[1,1,1]},"t":153},{"s":{"s":38,"f":"TTNorms-Bold","t":"44%","j":1,"tr":20,"lh":45.6,"ls":0,"fc":[1,1,1]},"t":154},{"s":{"s":38,"f":"TTNorms-Bold","t":"45%","j":1,"tr":20,"lh":45.6,"ls":0,"fc":[1,1,1]},"t":156},{"s":{"s":38,"f":"TTNorms-Bold","t":"46%","j":1,"tr":20,"lh":45.6,"ls":0,"fc":[1,1,1]},"t":157},{"s":{"s":38,"f":"TTNorms-Bold","t":"47%","j":1,"tr":20,"lh":45.6,"ls":0,"fc":[1,1,1]},"t":158},{"s":{"s":38,"f":"TTNorms-Bold","t":"48%","j":1,"tr":20,"lh":45.6,"ls":0,"fc":[1,1,1]},"t":159},{"s":{"s":38,"f":"TTNorms-Bold","t":"49%","j":1,"tr":20,"lh":45.6,"ls":0,"fc":[1,1,1]},"t":161},{"s":{"s":38,"f":"TTNorms-Bold","t":"50%","j":1,"tr":20,"lh":45.6,"ls":0,"fc":[1,1,1]},"t":162},{"s":{"s":38,"f":"TTNorms-Bold","t":"51%","j":1,"tr":20,"lh":45.6,"ls":0,"fc":[1,1,1]},"t":163},{"s":{"s":38,"f":"TTNorms-Bold","t":"52%","j":1,"tr":20,"lh":45.6,"ls":0,"fc":[1,1,1]},"t":164},{"s":{"s":38,"f":"TTNorms-Bold","t":"53%","j":1,"tr":20,"lh":45.6,"ls":0,"fc":[1,1,1]},"t":165},{"s":{"s":38,"f":"TTNorms-Bold","t":"54%","j":1,"tr":20,"lh":45.6,"ls":0,"fc":[1,1,1]},"t":167},{"s":{"s":38,"f":"TTNorms-Bold","t":"55%","j":1,"tr":20,"lh":45.6,"ls":0,"fc":[1,1,1]},"t":168},{"s":{"s":38,"f":"TTNorms-Bold","t":"56%","j":1,"tr":20,"lh":45.6,"ls":0,"fc":[1,1,1]},"t":169},{"s":{"s":38,"f":"TTNorms-Bold","t":"57%","j":1,"tr":20,"lh":45.6,"ls":0,"fc":[1,1,1]},"t":170},{"s":{"s":38,"f":"TTNorms-Bold","t":"58%","j":1,"tr":20,"lh":45.6,"ls":0,"fc":[1,1,1]},"t":171},{"s":{"s":38,"f":"TTNorms-Bold","t":"59%","j":1,"tr":20,"lh":45.6,"ls":0,"fc":[1,1,1]},"t":173},{"s":{"s":38,"f":"TTNorms-Bold","t":"60%","j":1,"tr":20,"lh":45.6,"ls":0,"fc":[1,1,1]},"t":174},{"s":{"s":38,"f":"TTNorms-Bold","t":"61%","j":1,"tr":20,"lh":45.6,"ls":0,"fc":[1,1,1]},"t":175},{"s":{"s":38,"f":"TTNorms-Bold","t":"62%","j":1,"tr":20,"lh":45.6,"ls":0,"fc":[1,1,1]},"t":176},{"s":{"s":38,"f":"TTNorms-Bold","t":"63%","j":1,"tr":20,"lh":45.6,"ls":0,"fc":[1,1,1]},"t":178},{"s":{"s":38,"f":"TTNorms-Bold","t":"64%","j":1,"tr":20,"lh":45.6,"ls":0,"fc":[1,1,1]},"t":179},{"s":{"s":38,"f":"TTNorms-Bold","t":"65%","j":1,"tr":20,"lh":45.6,"ls":0,"fc":[1,1,1]},"t":180},{"s":{"s":38,"f":"TTNorms-Bold","t":"66%","j":1,"tr":20,"lh":45.6,"ls":0,"fc":[1,1,1]},"t":181},{"s":{"s":38,"f":"TTNorms-Bold","t":"67%","j":1,"tr":20,"lh":45.6,"ls":0,"fc":[1,1,1]},"t":183},{"s":{"s":38,"f":"TTNorms-Bold","t":"68%","j":1,"tr":20,"lh":45.6,"ls":0,"fc":[1,1,1]},"t":184},{"s":{"s":38,"f":"TTNorms-Bold","t":"69%","j":1,"tr":20,"lh":45.6,"ls":0,"fc":[1,1,1]},"t":185},{"s":{"s":38,"f":"TTNorms-Bold","t":"70%","j":1,"tr":20,"lh":45.6,"ls":0,"fc":[1,1,1]},"t":187},{"s":{"s":38,"f":"TTNorms-Bold","t":"71%","j":1,"tr":20,"lh":45.6,"ls":0,"fc":[1,1,1]},"t":188},{"s":{"s":38,"f":"TTNorms-Bold","t":"72%","j":1,"tr":20,"lh":45.6,"ls":0,"fc":[1,1,1]},"t":189},{"s":{"s":38,"f":"TTNorms-Bold","t":"73%","j":1,"tr":20,"lh":45.6,"ls":0,"fc":[1,1,1]},"t":191},{"s":{"s":38,"f":"TTNorms-Bold","t":"74%","j":1,"tr":20,"lh":45.6,"ls":0,"fc":[1,1,1]},"t":192},{"s":{"s":38,"f":"TTNorms-Bold","t":"75%","j":1,"tr":20,"lh":45.6,"ls":0,"fc":[1,1,1]},"t":193},{"s":{"s":38,"f":"TTNorms-Bold","t":"76%","j":1,"tr":20,"lh":45.6,"ls":0,"fc":[1,1,1]},"t":195},{"s":{"s":38,"f":"TTNorms-Bold","t":"77%","j":1,"tr":20,"lh":45.6,"ls":0,"fc":[1,1,1]},"t":196},{"s":{"s":38,"f":"TTNorms-Bold","t":"78%","j":1,"tr":20,"lh":45.6,"ls":0,"fc":[1,1,1]},"t":198},{"s":{"s":38,"f":"TTNorms-Bold","t":"79%","j":1,"tr":20,"lh":45.6,"ls":0,"fc":[1,1,1]},"t":200},{"s":{"s":38,"f":"TTNorms-Bold","t":"80%","j":1,"tr":20,"lh":45.6,"ls":0,"fc":[1,1,1]},"t":201},{"s":{"s":38,"f":"TTNorms-Bold","t":"81%","j":1,"tr":20,"lh":45.6,"ls":0,"fc":[1,1,1]},"t":203},{"s":{"s":38,"f":"TTNorms-Bold","t":"82%","j":1,"tr":20,"lh":45.6,"ls":0,"fc":[1,1,1]},"t":205},{"s":{"s":38,"f":"TTNorms-Bold","t":"83%","j":1,"tr":20,"lh":45.6,"ls":0,"fc":[1,1,1]},"t":207},{"s":{"s":38,"f":"TTNorms-Bold","t":"84%","j":1,"tr":20,"lh":45.6,"ls":0,"fc":[1,1,1]},"t":208},{"s":{"s":38,"f":"TTNorms-Bold","t":"85%","j":1,"tr":20,"lh":45.6,"ls":0,"fc":[1,1,1]},"t":210},{"s":{"s":38,"f":"TTNorms-Bold","t":"86%","j":1,"tr":20,"lh":45.6,"ls":0,"fc":[1,1,1]},"t":212},{"s":{"s":38,"f":"TTNorms-Bold","t":"87%","j":1,"tr":20,"lh":45.6,"ls":0,"fc":[1,1,1]},"t":214},{"s":{"s":38,"f":"TTNorms-Bold","t":"88%","j":1,"tr":20,"lh":45.6,"ls":0,"fc":[1,1,1]},"t":217},{"s":{"s":38,"f":"TTNorms-Bold","t":"89%","j":1,"tr":20,"lh":45.6,"ls":0,"fc":[1,1,1]},"t":219},{"s":{"s":38,"f":"TTNorms-Bold","t":"90%","j":1,"tr":20,"lh":45.6,"ls":0,"fc":[1,1,1]},"t":221},{"s":{"s":38,"f":"TTNorms-Bold","t":"91%","j":1,"tr":20,"lh":45.6,"ls":0,"fc":[1,1,1]},"t":224},{"s":{"s":38,"f":"TTNorms-Bold","t":"92%","j":1,"tr":20,"lh":45.6,"ls":0,"fc":[1,1,1]},"t":227},{"s":{"s":38,"f":"TTNorms-Bold","t":"93%","j":1,"tr":20,"lh":45.6,"ls":0,"fc":[1,1,1]},"t":230},{"s":{"s":38,"f":"TTNorms-Bold","t":"94%","j":1,"tr":20,"lh":45.6,"ls":0,"fc":[1,1,1]},"t":233},{"s":{"s":38,"f":"TTNorms-Bold","t":"95%","j":1,"tr":20,"lh":45.6,"ls":0,"fc":[1,1,1]},"t":237},{"s":{"s":38,"f":"TTNorms-Bold","t":"96%","j":1,"tr":20,"lh":45.6,"ls":0,"fc":[1,1,1]},"t":241},{"s":{"s":38,"f":"TTNorms-Bold","t":"97%","j":1,"tr":20,"lh":45.6,"ls":0,"fc":[1,1,1]},"t":246},{"s":{"s":38,"f":"TTNorms-Bold","t":"98%","j":1,"tr":20,"lh":45.6,"ls":0,"fc":[1,1,1]},"t":251},{"s":{"s":38,"f":"TTNorms-Bold","t":"99%","j":1,"tr":20,"lh":45.6,"ls":0,"fc":[1,1,1]},"t":258},{"s":{"s":38,"f":"TTNorms-Bold","t":"100%","j":1,"tr":20,"lh":45.6,"ls":0,"fc":[1,1,1]},"t":269},{"s":{"s":38,"f":"TTNorms-Bold","t":"36%","j":1,"tr":20,"lh":45.6,"ls":0,"fc":[0.937,0.608,0.306]},"t":332},{"s":{"s":38,"f":"TTNorms-Bold","t":"37%","j":1,"tr":20,"lh":45.6,"ls":0,"fc":[0.937,0.608,0.306]},"t":334.5},{"s":{"s":38,"f":"TTNorms-Bold","t":"38%","j":1,"tr":20,"lh":45.6,"ls":0,"fc":[0.937,0.608,0.306]},"t":337}]},"p":{},"m":{"g":1,"a":{"a":0,"k":[0,0],"ix":2}},"a":[]},"ip":0,"op":300,"st":0,"bm":0},{"ddd":0,"ind":5,"ty":5,"nm":"0% 3","sr":1,"ks":{"o":{"a":1,"k":[{"i":{"x":[0.833],"y":[0.833]},"o":{"x":[0.167],"y":[0.167]},"t":0,"s":[0]},{"i":{"x":[0.833],"y":[0.833]},"o":{"x":[0.167],"y":[0.167]},"t":10,"s":[100]},{"i":{"x":[0.833],"y":[0.833]},"o":{"x":[0.167],"y":[0.167]},"t":284,"s":[100]},{"t":291.5,"s":[0]}],"ix":11},"r":{"a":0,"k":0,"ix":10},"p":{"a":0,"k":[349.564,194.908,0],"ix":2,"l":2},"a":{"a":0,"k":[-41.162,-13.294,0],"ix":1,"l":2},"s":{"a":0,"k":[60,60,100],"ix":6,"l":2}},"ao":0,"ef":[{"ty":5,"nm":"Gaussian Blur (Legacy)","np":4,"mn":"ADBE Gaussian Blur","ix":1,"en":1,"ef":[{"ty":0,"nm":"Blurriness","mn":"ADBE Gaussian Blur-0001","ix":1,"v":{"a":0,"k":6,"ix":1}},{"ty":7,"nm":"Blur Dimensions","mn":"ADBE Gaussian Blur-0002","ix":2,"v":{"a":0,"k":1,"ix":2}}]}],"t":{"d":{"k":[{"s":{"s":38,"f":"TTNorms-Bold","t":"0%","j":1,"tr":20,"lh":45.6,"ls":0,"fc":[1,1,1]},"t":10},{"s":{"s":38,"f":"TTNorms-Bold","t":"1%","j":1,"tr":20,"lh":45.6,"ls":0,"fc":[1,1,1]},"t":31},{"s":{"s":38,"f":"TTNorms-Bold","t":"2%","j":1,"tr":20,"lh":45.6,"ls":0,"fc":[1,1,1]},"t":45},{"s":{"s":38,"f":"TTNorms-Bold","t":"3%","j":1,"tr":20,"lh":45.6,"ls":0,"fc":[1,1,1]},"t":54},{"s":{"s":38,"f":"TTNorms-Bold","t":"4%","j":1,"tr":20,"lh":45.6,"ls":0,"fc":[1,1,1]},"t":61},{"s":{"s":38,"f":"TTNorms-Bold","t":"5%","j":1,"tr":20,"lh":45.6,"ls":0,"fc":[1,1,1]},"t":67},{"s":{"s":38,"f":"TTNorms-Bold","t":"6%","j":1,"tr":20,"lh":45.6,"ls":0,"fc":[1,1,1]},"t":73},{"s":{"s":38,"f":"TTNorms-Bold","t":"7%","j":1,"tr":20,"lh":45.6,"ls":0,"fc":[1,1,1]},"t":77},{"s":{"s":38,"f":"TTNorms-Bold","t":"8%","j":1,"tr":20,"lh":45.6,"ls":0,"fc":[1,1,1]},"t":82},{"s":{"s":38,"f":"TTNorms-Bold","t":"9%","j":1,"tr":20,"lh":45.6,"ls":0,"fc":[1,1,1]},"t":86},{"s":{"s":38,"f":"TTNorms-Bold","t":"10%","j":1,"tr":20,"lh":45.6,"ls":0,"fc":[1,1,1]},"t":89},{"s":{"s":38,"f":"TTNorms-Bold","t":"11%","j":1,"tr":20,"lh":45.6,"ls":0,"fc":[1,1,1]},"t":93},{"s":{"s":38,"f":"TTNorms-Bold","t":"12%","j":1,"tr":20,"lh":45.6,"ls":0,"fc":[1,1,1]},"t":96},{"s":{"s":38,"f":"TTNorms-Bold","t":"13%","j":1,"tr":20,"lh":45.6,"ls":0,"fc":[1,1,1]},"t":99},{"s":{"s":38,"f":"TTNorms-Bold","t":"14%","j":1,"tr":20,"lh":45.6,"ls":0,"fc":[1,1,1]},"t":102},{"s":{"s":38,"f":"TTNorms-Bold","t":"15%","j":1,"tr":20,"lh":45.6,"ls":0,"fc":[1,1,1]},"t":104},{"s":{"s":38,"f":"TTNorms-Bold","t":"16%","j":1,"tr":20,"lh":45.6,"ls":0,"fc":[1,1,1]},"t":107},{"s":{"s":38,"f":"TTNorms-Bold","t":"17%","j":1,"tr":20,"lh":45.6,"ls":0,"fc":[1,1,1]},"t":109},{"s":{"s":38,"f":"TTNorms-Bold","t":"18%","j":1,"tr":20,"lh":45.6,"ls":0,"fc":[1,1,1]},"t":112},{"s":{"s":38,"f":"TTNorms-Bold","t":"19%","j":1,"tr":20,"lh":45.6,"ls":0,"fc":[1,1,1]},"t":114},{"s":{"s":38,"f":"TTNorms-Bold","t":"20%","j":1,"tr":20,"lh":45.6,"ls":0,"fc":[1,1,1]},"t":116},{"s":{"s":38,"f":"TTNorms-Bold","t":"21%","j":1,"tr":20,"lh":45.6,"ls":0,"fc":[1,1,1]},"t":118},{"s":{"s":38,"f":"TTNorms-Bold","t":"22%","j":1,"tr":20,"lh":45.6,"ls":0,"fc":[1,1,1]},"t":120},{"s":{"s":38,"f":"TTNorms-Bold","t":"23%","j":1,"tr":20,"lh":45.6,"ls":0,"fc":[1,1,1]},"t":122},{"s":{"s":38,"f":"TTNorms-Bold","t":"24%","j":1,"tr":20,"lh":45.6,"ls":0,"fc":[1,1,1]},"t":124},{"s":{"s":38,"f":"TTNorms-Bold","t":"25%","j":1,"tr":20,"lh":45.6,"ls":0,"fc":[1,1,1]},"t":126},{"s":{"s":38,"f":"TTNorms-Bold","t":"26%","j":1,"tr":20,"lh":45.6,"ls":0,"fc":[1,1,1]},"t":128},{"s":{"s":38,"f":"TTNorms-Bold","t":"27%","j":1,"tr":20,"lh":45.6,"ls":0,"fc":[1,1,1]},"t":130},{"s":{"s":38,"f":"TTNorms-Bold","t":"28%","j":1,"tr":20,"lh":45.6,"ls":0,"fc":[1,1,1]},"t":131},{"s":{"s":38,"f":"TTNorms-Bold","t":"29%","j":1,"tr":20,"lh":45.6,"ls":0,"fc":[1,1,1]},"t":133},{"s":{"s":38,"f":"TTNorms-Bold","t":"30%","j":1,"tr":20,"lh":45.6,"ls":0,"fc":[1,1,1]},"t":134},{"s":{"s":38,"f":"TTNorms-Bold","t":"31%","j":1,"tr":20,"lh":45.6,"ls":0,"fc":[1,1,1]},"t":136},{"s":{"s":38,"f":"TTNorms-Bold","t":"32%","j":1,"tr":20,"lh":45.6,"ls":0,"fc":[1,1,1]},"t":138},{"s":{"s":38,"f":"TTNorms-Bold","t":"33%","j":1,"tr":20,"lh":45.6,"ls":0,"fc":[1,1,1]},"t":139},{"s":{"s":38,"f":"TTNorms-Bold","t":"34%","j":1,"tr":20,"lh":45.6,"ls":0,"fc":[1,1,1]},"t":141},{"s":{"s":38,"f":"TTNorms-Bold","t":"35%","j":1,"tr":20,"lh":45.6,"ls":0,"fc":[1,1,1]},"t":142},{"s":{"s":38,"f":"TTNorms-Bold","t":"36%","j":1,"tr":20,"lh":45.6,"ls":0,"fc":[1,1,1]},"t":144},{"s":{"s":38,"f":"TTNorms-Bold","t":"37%","j":1,"tr":20,"lh":45.6,"ls":0,"fc":[1,1,1]},"t":145},{"s":{"s":38,"f":"TTNorms-Bold","t":"38%","j":1,"tr":20,"lh":45.6,"ls":0,"fc":[1,1,1]},"t":146},{"s":{"s":38,"f":"TTNorms-Bold","t":"39%","j":1,"tr":20,"lh":45.6,"ls":0,"fc":[1,1,1]},"t":148},{"s":{"s":38,"f":"TTNorms-Bold","t":"40%","j":1,"tr":20,"lh":45.6,"ls":0,"fc":[1,1,1]},"t":149},{"s":{"s":38,"f":"TTNorms-Bold","t":"41%","j":1,"tr":20,"lh":45.6,"ls":0,"fc":[1,1,1]},"t":150},{"s":{"s":38,"f":"TTNorms-Bold","t":"42%","j":1,"tr":20,"lh":45.6,"ls":0,"fc":[1,1,1]},"t":152},{"s":{"s":38,"f":"TTNorms-Bold","t":"43%","j":1,"tr":20,"lh":45.6,"ls":0,"fc":[1,1,1]},"t":153},{"s":{"s":38,"f":"TTNorms-Bold","t":"44%","j":1,"tr":20,"lh":45.6,"ls":0,"fc":[1,1,1]},"t":154},{"s":{"s":38,"f":"TTNorms-Bold","t":"45%","j":1,"tr":20,"lh":45.6,"ls":0,"fc":[1,1,1]},"t":156},{"s":{"s":38,"f":"TTNorms-Bold","t":"46%","j":1,"tr":20,"lh":45.6,"ls":0,"fc":[1,1,1]},"t":157},{"s":{"s":38,"f":"TTNorms-Bold","t":"47%","j":1,"tr":20,"lh":45.6,"ls":0,"fc":[1,1,1]},"t":158},{"s":{"s":38,"f":"TTNorms-Bold","t":"48%","j":1,"tr":20,"lh":45.6,"ls":0,"fc":[1,1,1]},"t":159},{"s":{"s":38,"f":"TTNorms-Bold","t":"49%","j":1,"tr":20,"lh":45.6,"ls":0,"fc":[1,1,1]},"t":161},{"s":{"s":38,"f":"TTNorms-Bold","t":"50%","j":1,"tr":20,"lh":45.6,"ls":0,"fc":[1,1,1]},"t":162},{"s":{"s":38,"f":"TTNorms-Bold","t":"51%","j":1,"tr":20,"lh":45.6,"ls":0,"fc":[1,1,1]},"t":163},{"s":{"s":38,"f":"TTNorms-Bold","t":"52%","j":1,"tr":20,"lh":45.6,"ls":0,"fc":[1,1,1]},"t":164},{"s":{"s":38,"f":"TTNorms-Bold","t":"53%","j":1,"tr":20,"lh":45.6,"ls":0,"fc":[1,1,1]},"t":165},{"s":{"s":38,"f":"TTNorms-Bold","t":"54%","j":1,"tr":20,"lh":45.6,"ls":0,"fc":[1,1,1]},"t":167},{"s":{"s":38,"f":"TTNorms-Bold","t":"55%","j":1,"tr":20,"lh":45.6,"ls":0,"fc":[1,1,1]},"t":168},{"s":{"s":38,"f":"TTNorms-Bold","t":"56%","j":1,"tr":20,"lh":45.6,"ls":0,"fc":[1,1,1]},"t":169},{"s":{"s":38,"f":"TTNorms-Bold","t":"57%","j":1,"tr":20,"lh":45.6,"ls":0,"fc":[1,1,1]},"t":170},{"s":{"s":38,"f":"TTNorms-Bold","t":"58%","j":1,"tr":20,"lh":45.6,"ls":0,"fc":[1,1,1]},"t":171},{"s":{"s":38,"f":"TTNorms-Bold","t":"59%","j":1,"tr":20,"lh":45.6,"ls":0,"fc":[1,1,1]},"t":173},{"s":{"s":38,"f":"TTNorms-Bold","t":"60%","j":1,"tr":20,"lh":45.6,"ls":0,"fc":[1,1,1]},"t":174},{"s":{"s":38,"f":"TTNorms-Bold","t":"61%","j":1,"tr":20,"lh":45.6,"ls":0,"fc":[1,1,1]},"t":175},{"s":{"s":38,"f":"TTNorms-Bold","t":"62%","j":1,"tr":20,"lh":45.6,"ls":0,"fc":[1,1,1]},"t":176},{"s":{"s":38,"f":"TTNorms-Bold","t":"63%","j":1,"tr":20,"lh":45.6,"ls":0,"fc":[1,1,1]},"t":178},{"s":{"s":38,"f":"TTNorms-Bold","t":"64%","j":1,"tr":20,"lh":45.6,"ls":0,"fc":[1,1,1]},"t":179},{"s":{"s":38,"f":"TTNorms-Bold","t":"65%","j":1,"tr":20,"lh":45.6,"ls":0,"fc":[1,1,1]},"t":180},{"s":{"s":38,"f":"TTNorms-Bold","t":"66%","j":1,"tr":20,"lh":45.6,"ls":0,"fc":[1,1,1]},"t":181},{"s":{"s":38,"f":"TTNorms-Bold","t":"67%","j":1,"tr":20,"lh":45.6,"ls":0,"fc":[1,1,1]},"t":183},{"s":{"s":38,"f":"TTNorms-Bold","t":"68%","j":1,"tr":20,"lh":45.6,"ls":0,"fc":[1,1,1]},"t":184},{"s":{"s":38,"f":"TTNorms-Bold","t":"69%","j":1,"tr":20,"lh":45.6,"ls":0,"fc":[1,1,1]},"t":185},{"s":{"s":38,"f":"TTNorms-Bold","t":"70%","j":1,"tr":20,"lh":45.6,"ls":0,"fc":[1,1,1]},"t":187},{"s":{"s":38,"f":"TTNorms-Bold","t":"71%","j":1,"tr":20,"lh":45.6,"ls":0,"fc":[1,1,1]},"t":188},{"s":{"s":38,"f":"TTNorms-Bold","t":"72%","j":1,"tr":20,"lh":45.6,"ls":0,"fc":[1,1,1]},"t":189},{"s":{"s":38,"f":"TTNorms-Bold","t":"73%","j":1,"tr":20,"lh":45.6,"ls":0,"fc":[1,1,1]},"t":191},{"s":{"s":38,"f":"TTNorms-Bold","t":"74%","j":1,"tr":20,"lh":45.6,"ls":0,"fc":[1,1,1]},"t":192},{"s":{"s":38,"f":"TTNorms-Bold","t":"75%","j":1,"tr":20,"lh":45.6,"ls":0,"fc":[1,1,1]},"t":193},{"s":{"s":38,"f":"TTNorms-Bold","t":"76%","j":1,"tr":20,"lh":45.6,"ls":0,"fc":[1,1,1]},"t":195},{"s":{"s":38,"f":"TTNorms-Bold","t":"77%","j":1,"tr":20,"lh":45.6,"ls":0,"fc":[1,1,1]},"t":196},{"s":{"s":38,"f":"TTNorms-Bold","t":"78%","j":1,"tr":20,"lh":45.6,"ls":0,"fc":[1,1,1]},"t":198},{"s":{"s":38,"f":"TTNorms-Bold","t":"79%","j":1,"tr":20,"lh":45.6,"ls":0,"fc":[1,1,1]},"t":200},{"s":{"s":38,"f":"TTNorms-Bold","t":"80%","j":1,"tr":20,"lh":45.6,"ls":0,"fc":[1,1,1]},"t":201},{"s":{"s":38,"f":"TTNorms-Bold","t":"81%","j":1,"tr":20,"lh":45.6,"ls":0,"fc":[1,1,1]},"t":203},{"s":{"s":38,"f":"TTNorms-Bold","t":"82%","j":1,"tr":20,"lh":45.6,"ls":0,"fc":[1,1,1]},"t":205},{"s":{"s":38,"f":"TTNorms-Bold","t":"83%","j":1,"tr":20,"lh":45.6,"ls":0,"fc":[1,1,1]},"t":207},{"s":{"s":38,"f":"TTNorms-Bold","t":"84%","j":1,"tr":20,"lh":45.6,"ls":0,"fc":[1,1,1]},"t":208},{"s":{"s":38,"f":"TTNorms-Bold","t":"85%","j":1,"tr":20,"lh":45.6,"ls":0,"fc":[1,1,1]},"t":210},{"s":{"s":38,"f":"TTNorms-Bold","t":"86%","j":1,"tr":20,"lh":45.6,"ls":0,"fc":[1,1,1]},"t":212},{"s":{"s":38,"f":"TTNorms-Bold","t":"87%","j":1,"tr":20,"lh":45.6,"ls":0,"fc":[1,1,1]},"t":214},{"s":{"s":38,"f":"TTNorms-Bold","t":"88%","j":1,"tr":20,"lh":45.6,"ls":0,"fc":[1,1,1]},"t":217},{"s":{"s":38,"f":"TTNorms-Bold","t":"89%","j":1,"tr":20,"lh":45.6,"ls":0,"fc":[1,1,1]},"t":219},{"s":{"s":38,"f":"TTNorms-Bold","t":"90%","j":1,"tr":20,"lh":45.6,"ls":0,"fc":[1,1,1]},"t":221},{"s":{"s":38,"f":"TTNorms-Bold","t":"91%","j":1,"tr":20,"lh":45.6,"ls":0,"fc":[1,1,1]},"t":224},{"s":{"s":38,"f":"TTNorms-Bold","t":"92%","j":1,"tr":20,"lh":45.6,"ls":0,"fc":[1,1,1]},"t":227},{"s":{"s":38,"f":"TTNorms-Bold","t":"93%","j":1,"tr":20,"lh":45.6,"ls":0,"fc":[1,1,1]},"t":230},{"s":{"s":38,"f":"TTNorms-Bold","t":"94%","j":1,"tr":20,"lh":45.6,"ls":0,"fc":[1,1,1]},"t":233},{"s":{"s":38,"f":"TTNorms-Bold","t":"95%","j":1,"tr":20,"lh":45.6,"ls":0,"fc":[1,1,1]},"t":237},{"s":{"s":38,"f":"TTNorms-Bold","t":"96%","j":1,"tr":20,"lh":45.6,"ls":0,"fc":[1,1,1]},"t":241},{"s":{"s":38,"f":"TTNorms-Bold","t":"97%","j":1,"tr":20,"lh":45.6,"ls":0,"fc":[1,1,1]},"t":246},{"s":{"s":38,"f":"TTNorms-Bold","t":"98%","j":1,"tr":20,"lh":45.6,"ls":0,"fc":[1,1,1]},"t":251},{"s":{"s":38,"f":"TTNorms-Bold","t":"99%","j":1,"tr":20,"lh":45.6,"ls":0,"fc":[1,1,1]},"t":258},{"s":{"s":38,"f":"TTNorms-Bold","t":"100%","j":1,"tr":20,"lh":45.6,"ls":0,"fc":[1,1,1]},"t":269},{"s":{"s":38,"f":"TTNorms-Bold","t":"36%","j":1,"tr":20,"lh":45.6,"ls":0,"fc":[0.937,0.608,0.306]},"t":332},{"s":{"s":38,"f":"TTNorms-Bold","t":"37%","j":1,"tr":20,"lh":45.6,"ls":0,"fc":[0.937,0.608,0.306]},"t":334.5},{"s":{"s":38,"f":"TTNorms-Bold","t":"38%","j":1,"tr":20,"lh":45.6,"ls":0,"fc":[0.937,0.608,0.306]},"t":337}]},"p":{},"m":{"g":1,"a":{"a":0,"k":[0,0],"ix":2}},"a":[]},"ip":0,"op":300,"st":0,"bm":0},{"ddd":0,"ind":6,"ty":4,"nm":"Dot","sr":1,"ks":{"o":{"a":1,"k":[{"i":{"x":[0.833],"y":[0.833]},"o":{"x":[0.167],"y":[0.167]},"t":0,"s":[0]},{"i":{"x":[0.833],"y":[0.833]},"o":{"x":[0.167],"y":[0.167]},"t":10,"s":[100]},{"i":{"x":[0.833],"y":[0.833]},"o":{"x":[0.167],"y":[0.167]},"t":284,"s":[100]},{"t":286,"s":[0]}],"ix":11},"r":{"a":0,"k":0,"ix":10},"p":{"a":1,"k":[{"i":{"x":0.517,"y":1},"o":{"x":0.627,"y":0},"t":10,"s":[135.894,148.229,0],"to":[71.333,0,0],"ti":[-71.333,0,0]},{"t":284,"s":[563.894,148.229,0]}],"ix":2,"l":2},"a":{"a":0,"k":[17.141,17.14,0],"ix":1,"l":2},"s":{"a":0,"k":[100.1,100.1,100],"ix":6,"l":2}},"ao":0,"shapes":[{"ty":"gr","it":[{"ind":0,"ty":"sh","ix":1,"ks":{"a":0,"k":{"i":[[-9.303,0],[0,9.303],[9.303,0],[0,-9.303]],"o":[[9.303,0],[0,-9.303],[-9.303,0],[0,9.303]],"v":[[0,16.89],[16.891,0.001],[0,-16.89],[-16.891,0.001]],"c":true},"ix":2},"nm":"Path 1","mn":"ADBE Vector Shape - Group","hd":false},{"ty":"fl","c":{"a":0,"k":[0,0.890196078431,1,1],"ix":4},"o":{"a":0,"k":100,"ix":5},"r":1,"bm":0,"nm":"Fill 1","mn":"ADBE Vector Graphic - Fill","hd":false},{"ty":"tr","p":{"a":0,"k":[17.141,17.141],"ix":2},"a":{"a":0,"k":[0,0],"ix":1},"s":{"a":0,"k":[100,100],"ix":3},"r":{"a":0,"k":0,"ix":6},"o":{"a":0,"k":100,"ix":7},"sk":{"a":0,"k":0,"ix":4},"sa":{"a":0,"k":0,"ix":5},"nm":"Transform"}],"nm":"Group 1","np":2,"cix":2,"bm":0,"ix":1,"mn":"ADBE Vector Group","hd":false}],"ip":0,"op":300,"st":0,"bm":0},{"ddd":0,"ind":7,"ty":4,"nm":"Layer 5 Outlines 4","sr":1,"ks":{"o":{"a":1,"k":[{"i":{"x":[0.833],"y":[0.833]},"o":{"x":[0.167],"y":[0.167]},"t":0,"s":[0]},{"i":{"x":[0.833],"y":[0.833]},"o":{"x":[0.167],"y":[0.167]},"t":10,"s":[100]},{"i":{"x":[0.833],"y":[0.833]},"o":{"x":[0.167],"y":[0.167]},"t":284,"s":[100]},{"t":292,"s":[0]}],"ix":11},"r":{"a":0,"k":0,"ix":10},"p":{"a":0,"k":[350.086,148.23,0],"ix":2,"l":2},"a":{"a":0,"k":[231.433,17.139,0],"ix":1,"l":2},"s":{"a":0,"k":[100,100,100],"ix":6,"l":2}},"ao":0,"shapes":[{"ty":"gr","it":[{"ind":0,"ty":"sh","ix":1,"ks":{"a":1,"k":[{"i":{"x":0.517,"y":1},"o":{"x":0.627,"y":0},"t":10,"s":[{"i":[[0,0],[0,-9.282],[-11.575,0],[0,0],[0,9.282],[11.57,0]],"o":[[-11.572,0],[0,9.282],[0,0],[11.574,0],[0,-9.282],[0,0]],"v":[[-213.886,-16.89],[-230.948,-0.001],[-213.886,16.889],[-215.113,16.869],[-197.051,-0.021],[-215.113,-16.91]],"c":true}]},{"t":284,"s":[{"i":[[0,0],[0,-9.282],[-11.575,0],[0,0],[0,9.282],[11.57,0]],"o":[[-11.572,0],[0,9.282],[0,0],[11.574,0],[0,-9.282],[0,0]],"v":[[-213.886,-16.89],[-230.948,-0.001],[-213.886,16.889],[212.887,16.889],[230.949,-0.001],[212.887,-16.89]],"c":true}]}],"ix":2},"nm":"Path 2","mn":"ADBE Vector Shape - Group","hd":false},{"ty":"mm","mm":4,"nm":"Merge Paths 1","mn":"ADBE Vector Filter - Merge","hd":false},{"ty":"tr","p":{"a":0,"k":[231.198,17.14],"ix":2},"a":{"a":0,"k":[0,0],"ix":1},"s":{"a":0,"k":[100,100],"ix":3},"r":{"a":0,"k":0,"ix":6},"o":{"a":0,"k":100,"ix":7},"sk":{"a":0,"k":0,"ix":4},"sa":{"a":0,"k":0,"ix":5},"nm":"Transform"}],"nm":"Group 1","np":2,"cix":2,"bm":0,"ix":1,"mn":"ADBE Vector Group","hd":false},{"ty":"gf","o":{"a":0,"k":100,"ix":10},"r":1,"bm":0,"g":{"p":3,"k":{"a":0,"k":[0,0,0.89,1,0.5,0,0.698,0.951,1,0,0.506,0.902],"ix":9}},"s":{"a":0,"k":[392,0],"ix":5},"e":{"a":0,"k":[-83,0],"ix":6},"t":1,"nm":"Gradient Fill 1","mn":"ADBE Vector Graphic - G-Fill","hd":false}],"ip":0,"op":300,"st":0,"bm":0},{"ddd":0,"ind":8,"ty":4,"nm":"Layer 5 Outlines 2","sr":1,"ks":{"o":{"a":1,"k":[{"i":{"x":[0.833],"y":[0.833]},"o":{"x":[0.167],"y":[0.167]},"t":0,"s":[0]},{"i":{"x":[0.833],"y":[0.833]},"o":{"x":[0.167],"y":[0.167]},"t":10,"s":[100]},{"i":{"x":[0.833],"y":[0.833]},"o":{"x":[0.167],"y":[0.167]},"t":284,"s":[100]},{"t":292,"s":[0]}],"ix":11},"r":{"a":0,"k":0,"ix":10},"p":{"a":0,"k":[350.086,148.23,0],"ix":2,"l":2},"a":{"a":0,"k":[231.433,17.139,0],"ix":1,"l":2},"s":{"a":0,"k":[100,100,100],"ix":6,"l":2}},"ao":0,"ef":[{"ty":5,"nm":"Levels","np":11,"mn":"ADBE Easy Levels2","ix":1,"en":1,"ef":[{"ty":7,"nm":"Channel:","mn":"ADBE Easy Levels2-0001","ix":1,"v":{"a":0,"k":1,"ix":1}},{},{"ty":0,"nm":"Input Black","mn":"ADBE Easy Levels2-0003","ix":3,"v":{"a":0,"k":0,"ix":3}},{"ty":0,"nm":"Input White","mn":"ADBE Easy Levels2-0004","ix":4,"v":{"a":0,"k":1,"ix":4}},{"ty":0,"nm":"Gamma","mn":"ADBE Easy Levels2-0005","ix":5,"v":{"a":0,"k":1,"ix":5}},{"ty":0,"nm":"Output Black","mn":"ADBE Easy Levels2-0006","ix":6,"v":{"a":0,"k":0,"ix":6}},{"ty":0,"nm":"Output White","mn":"ADBE Easy Levels2-0007","ix":7,"v":{"a":0,"k":1,"ix":7}},{"ty":7,"nm":"Clip To Output Black","mn":"ADBE Easy Levels2-0008","ix":8,"v":{"a":0,"k":3,"ix":8}},{"ty":7,"nm":"Clip To Output White","mn":"ADBE Easy Levels2-0009","ix":9,"v":{"a":0,"k":3,"ix":9}}]},{"ty":5,"nm":"Gaussian Blur (Legacy)","np":4,"mn":"ADBE Gaussian Blur","ix":2,"en":1,"ef":[{"ty":0,"nm":"Blurriness","mn":"ADBE Gaussian Blur-0001","ix":1,"v":{"a":0,"k":46.7,"ix":1}},{"ty":7,"nm":"Blur Dimensions","mn":"ADBE Gaussian Blur-0002","ix":2,"v":{"a":0,"k":1,"ix":2}}]}],"shapes":[{"ty":"gr","it":[{"ind":0,"ty":"sh","ix":1,"ks":{"a":1,"k":[{"i":{"x":0.517,"y":1},"o":{"x":0.627,"y":0},"t":10,"s":[{"i":[[0,0],[0,-9.282],[-11.575,0],[0,0],[0,9.282],[11.57,0]],"o":[[-11.572,0],[0,9.282],[0,0],[11.574,0],[0,-9.282],[0,0]],"v":[[-213.886,-16.89],[-230.948,-0.001],[-213.886,16.889],[-215.113,16.869],[-197.051,-0.021],[-215.113,-16.91]],"c":true}]},{"t":284,"s":[{"i":[[0,0],[0,-9.282],[-11.575,0],[0,0],[0,9.282],[11.57,0]],"o":[[-11.572,0],[0,9.282],[0,0],[11.574,0],[0,-9.282],[0,0]],"v":[[-213.886,-16.89],[-230.948,-0.001],[-213.886,16.889],[212.887,16.889],[230.949,-0.001],[212.887,-16.89]],"c":true}]}],"ix":2},"nm":"Path 2","mn":"ADBE Vector Shape - Group","hd":false},{"ty":"mm","mm":4,"nm":"Merge Paths 1","mn":"ADBE Vector Filter - Merge","hd":false},{"ty":"tr","p":{"a":0,"k":[231.198,17.14],"ix":2},"a":{"a":0,"k":[0,0],"ix":1},"s":{"a":0,"k":[100,100],"ix":3},"r":{"a":0,"k":0,"ix":6},"o":{"a":0,"k":100,"ix":7},"sk":{"a":0,"k":0,"ix":4},"sa":{"a":0,"k":0,"ix":5},"nm":"Transform"}],"nm":"Group 1","np":2,"cix":2,"bm":0,"ix":1,"mn":"ADBE Vector Group","hd":false},{"ty":"gf","o":{"a":0,"k":100,"ix":10},"r":1,"bm":0,"g":{"p":3,"k":{"a":0,"k":[0,0,0.506,0.902,0.5,0.067,0.365,0.598,1,0.133,0.224,0.294],"ix":9}},"s":{"a":0,"k":[392,0],"ix":5},"e":{"a":0,"k":[-83,0],"ix":6},"t":1,"nm":"Gradient Fill 1","mn":"ADBE Vector Graphic - G-Fill","hd":false}],"ip":0,"op":300,"st":0,"bm":0},{"ddd":0,"ind":9,"ty":4,"nm":"Layer 5 Outlines 3","sr":1,"ks":{"o":{"a":1,"k":[{"i":{"x":[0.833],"y":[0.833]},"o":{"x":[0.167],"y":[0.167]},"t":0,"s":[0]},{"i":{"x":[0.833],"y":[0.833]},"o":{"x":[0.167],"y":[0.167]},"t":10,"s":[100]},{"i":{"x":[0.833],"y":[0.833]},"o":{"x":[0.167],"y":[0.167]},"t":284,"s":[100]},{"t":292,"s":[0]}],"ix":11},"r":{"a":0,"k":0,"ix":10},"p":{"a":0,"k":[350.086,148.23,0],"ix":2,"l":2},"a":{"a":0,"k":[231.433,17.139,0],"ix":1,"l":2},"s":{"a":0,"k":[100,100,100],"ix":6,"l":2}},"ao":0,"ef":[{"ty":5,"nm":"Levels","np":11,"mn":"ADBE Easy Levels2","ix":1,"en":1,"ef":[{"ty":7,"nm":"Channel:","mn":"ADBE Easy Levels2-0001","ix":1,"v":{"a":0,"k":1,"ix":1}},{},{"ty":0,"nm":"Input Black","mn":"ADBE Easy Levels2-0003","ix":3,"v":{"a":0,"k":0,"ix":3}},{"ty":0,"nm":"Input White","mn":"ADBE Easy Levels2-0004","ix":4,"v":{"a":0,"k":1,"ix":4}},{"ty":0,"nm":"Gamma","mn":"ADBE Easy Levels2-0005","ix":5,"v":{"a":0,"k":1,"ix":5}},{"ty":0,"nm":"Output Black","mn":"ADBE Easy Levels2-0006","ix":6,"v":{"a":0,"k":0,"ix":6}},{"ty":0,"nm":"Output White","mn":"ADBE Easy Levels2-0007","ix":7,"v":{"a":0,"k":1,"ix":7}},{"ty":7,"nm":"Clip To Output Black","mn":"ADBE Easy Levels2-0008","ix":8,"v":{"a":0,"k":3,"ix":8}},{"ty":7,"nm":"Clip To Output White","mn":"ADBE Easy Levels2-0009","ix":9,"v":{"a":0,"k":3,"ix":9}}]},{"ty":5,"nm":"Gaussian Blur (Legacy)","np":4,"mn":"ADBE Gaussian Blur","ix":2,"en":1,"ef":[{"ty":0,"nm":"Blurriness","mn":"ADBE Gaussian Blur-0001","ix":1,"v":{"a":0,"k":56.1,"ix":1}},{"ty":7,"nm":"Blur Dimensions","mn":"ADBE Gaussian Blur-0002","ix":2,"v":{"a":0,"k":1,"ix":2}}]}],"shapes":[{"ty":"gr","it":[{"ind":0,"ty":"sh","ix":1,"ks":{"a":1,"k":[{"i":{"x":0.517,"y":1},"o":{"x":0.627,"y":0},"t":10,"s":[{"i":[[0,0],[0,-9.282],[-11.575,0],[0,0],[0,9.282],[11.57,0]],"o":[[-11.572,0],[0,9.282],[0,0],[11.574,0],[0,-9.282],[0,0]],"v":[[-213.886,-16.89],[-230.948,-0.001],[-213.886,16.889],[-215.113,16.869],[-197.051,-0.021],[-215.113,-16.91]],"c":true}]},{"t":284,"s":[{"i":[[0,0],[0,-9.282],[-11.575,0],[0,0],[0,9.282],[11.57,0]],"o":[[-11.572,0],[0,9.282],[0,0],[11.574,0],[0,-9.282],[0,0]],"v":[[-213.886,-16.89],[-230.948,-0.001],[-213.886,16.889],[212.887,16.889],[230.949,-0.001],[212.887,-16.89]],"c":true}]}],"ix":2},"nm":"Path 2","mn":"ADBE Vector Shape - Group","hd":false},{"ty":"mm","mm":4,"nm":"Merge Paths 1","mn":"ADBE Vector Filter - Merge","hd":false},{"ty":"tr","p":{"a":0,"k":[231.198,17.14],"ix":2},"a":{"a":0,"k":[0,0],"ix":1},"s":{"a":0,"k":[100,100],"ix":3},"r":{"a":0,"k":0,"ix":6},"o":{"a":0,"k":100,"ix":7},"sk":{"a":0,"k":0,"ix":4},"sa":{"a":0,"k":0,"ix":5},"nm":"Transform"}],"nm":"Group 1","np":2,"cix":2,"bm":0,"ix":1,"mn":"ADBE Vector Group","hd":false},{"ty":"gf","o":{"a":0,"k":100,"ix":10},"r":1,"bm":0,"g":{"p":3,"k":{"a":0,"k":[0,0,0.561,1,0.5,0,0.468,0.835,1,0,0.376,0.67],"ix":9}},"s":{"a":0,"k":[392,0],"ix":5},"e":{"a":0,"k":[-83,0],"ix":6},"t":1,"nm":"Gradient Fill 1","mn":"ADBE Vector Graphic - G-Fill","hd":false}],"ip":0,"op":300,"st":0,"bm":0},{"ddd":0,"ind":10,"ty":4,"nm":"Bar Bg","sr":1,"ks":{"o":{"a":1,"k":[{"i":{"x":[0.833],"y":[0.833]},"o":{"x":[0.167],"y":[0.167]},"t":0,"s":[0]},{"i":{"x":[0.833],"y":[0.833]},"o":{"x":[0.167],"y":[0.167]},"t":10,"s":[100]},{"i":{"x":[0.833],"y":[0.833]},"o":{"x":[0.167],"y":[0.167]},"t":284,"s":[100]},{"t":292,"s":[0]}],"ix":11},"r":{"a":0,"k":0,"ix":10},"p":{"a":0,"k":[350.086,148.23,0],"ix":2,"l":2},"a":{"a":0,"k":[231.433,17.139,0],"ix":1,"l":2},"s":{"a":0,"k":[100,100,100],"ix":6,"l":2}},"ao":0,"shapes":[{"ty":"gr","it":[{"ind":0,"ty":"sh","ix":1,"ks":{"a":0,"k":{"i":[[0,0],[0,-9.282],[-11.575,0],[0,0],[0,9.282],[11.57,0]],"o":[[-11.572,0],[0,9.282],[0,0],[11.574,0],[0,-9.282],[0,0]],"v":[[-213.886,-16.89],[-230.948,-0.001],[-213.886,16.889],[212.887,16.889],[230.949,-0.001],[212.887,-16.89]],"c":true},"ix":2},"nm":"Path 2","mn":"ADBE Vector Shape - Group","hd":false},{"ty":"mm","mm":4,"nm":"Merge Paths 1","mn":"ADBE Vector Filter - Merge","hd":false},{"ty":"tr","p":{"a":0,"k":[231.198,17.14],"ix":2},"a":{"a":0,"k":[0,0],"ix":1},"s":{"a":0,"k":[100,100],"ix":3},"r":{"a":0,"k":0,"ix":6},"o":{"a":0,"k":100,"ix":7},"sk":{"a":0,"k":0,"ix":4},"sa":{"a":0,"k":0,"ix":5},"nm":"Transform"}],"nm":"Group 1","np":2,"cix":2,"bm":0,"ix":1,"mn":"ADBE Vector Group","hd":false},{"ty":"gf","o":{"a":0,"k":100,"ix":10},"r":1,"bm":0,"g":{"p":3,"k":{"a":0,"k":[0,0,0.145,0.361,0.5,0,0.111,0.276,0.999,0.001,0.077,0.191],"ix":9}},"s":{"a":0,"k":[392,0],"ix":5},"e":{"a":0,"k":[-83,0],"ix":6},"t":1,"nm":"Gradient Fill 1","mn":"ADBE Vector Graphic - G-Fill","hd":false}],"ip":0,"op":300,"st":0,"bm":0},{"ddd":0,"ind":11,"ty":4,"nm":"Bar Outline 3","sr":1,"ks":{"o":{"a":1,"k":[{"i":{"x":[0.833],"y":[0.833]},"o":{"x":[0.167],"y":[0.167]},"t":0,"s":[0]},{"i":{"x":[0.833],"y":[0.833]},"o":{"x":[0.167],"y":[0.167]},"t":10,"s":[100]},{"i":{"x":[0.833],"y":[0.833]},"o":{"x":[0.167],"y":[0.167]},"t":284,"s":[100]},{"t":292,"s":[0]}],"ix":11},"r":{"a":0,"k":0,"ix":10},"p":{"a":0,"k":[349.831,148.229,0],"ix":2,"l":2},"a":{"a":0,"k":[238.36,22.81,0],"ix":1,"l":2},"s":{"a":0,"k":[100,100,100],"ix":6,"l":2}},"ao":0,"shapes":[{"ty":"gr","it":[{"ind":0,"ty":"sh","ix":1,"ks":{"a":0,"k":{"i":[[-11.368,0],[0,0],[0,11.368],[11.368,0],[0,0],[0,-11.369]],"o":[[0,0],[11.368,0],[0,-11.369],[0,0],[-11.368,0],[0,11.368]],"v":[[-215.551,20.669],[215.551,20.669],[236.22,0.001],[215.551,-20.67],[-215.551,-20.67],[-236.22,0.001]],"c":true},"ix":2},"nm":"Path 1","mn":"ADBE Vector Shape - Group","hd":false},{"ind":1,"ty":"sh","ix":2,"ks":{"a":0,"k":{"i":[[0,0],[0,12.411],[-12.411,0],[0,0],[0,-12.412],[12.411,0]],"o":[[-12.411,0],[0,-12.412],[0,0],[12.411,0],[0,12.411],[0,0]],"v":[[-215.551,22.559],[-238.11,0.001],[-215.551,-22.559],[215.551,-22.559],[238.111,0.001],[215.551,22.559]],"c":true},"ix":2},"nm":"Path 2","mn":"ADBE Vector Shape - Group","hd":false},{"ty":"mm","mm":1,"nm":"Merge Paths 1","mn":"ADBE Vector Filter - Merge","hd":false},{"ty":"tr","p":{"a":0,"k":[238.36,22.81],"ix":2},"a":{"a":0,"k":[0,0],"ix":1},"s":{"a":0,"k":[100,100],"ix":3},"r":{"a":0,"k":0,"ix":6},"o":{"a":0,"k":100,"ix":7},"sk":{"a":0,"k":0,"ix":4},"sa":{"a":0,"k":0,"ix":5},"nm":"Transform"}],"nm":"Group 1","np":3,"cix":2,"bm":0,"ix":1,"mn":"ADBE Vector Group","hd":false},{"ty":"fl","c":{"a":0,"k":[0.598912377451,0.955959005917,1,1],"ix":4},"o":{"a":0,"k":100,"ix":5},"r":1,"bm":0,"nm":"Fill 1","mn":"ADBE Vector Graphic - Fill","hd":false}],"ip":0,"op":300,"st":0,"bm":16},{"ddd":0,"ind":12,"ty":4,"nm":"Bar Outline 2","sr":1,"ks":{"o":{"a":1,"k":[{"i":{"x":[0.833],"y":[0.833]},"o":{"x":[0.167],"y":[0.167]},"t":0,"s":[0]},{"i":{"x":[0.833],"y":[0.833]},"o":{"x":[0.167],"y":[0.167]},"t":10,"s":[100]},{"i":{"x":[0.833],"y":[0.833]},"o":{"x":[0.167],"y":[0.167]},"t":284,"s":[100]},{"t":292,"s":[0]}],"ix":11},"r":{"a":0,"k":0,"ix":10},"p":{"a":0,"k":[349.831,148.229,0],"ix":2,"l":2},"a":{"a":0,"k":[238.36,22.81,0],"ix":1,"l":2},"s":{"a":0,"k":[100,100,100],"ix":6,"l":2}},"ao":0,"shapes":[{"ty":"gr","it":[{"ind":0,"ty":"sh","ix":1,"ks":{"a":0,"k":{"i":[[-11.368,0],[0,0],[0,11.368],[11.368,0],[0,0],[0,-11.369]],"o":[[0,0],[11.368,0],[0,-11.369],[0,0],[-11.368,0],[0,11.368]],"v":[[-215.551,20.669],[215.551,20.669],[236.22,0.001],[215.551,-20.67],[-215.551,-20.67],[-236.22,0.001]],"c":true},"ix":2},"nm":"Path 1","mn":"ADBE Vector Shape - Group","hd":false},{"ind":1,"ty":"sh","ix":2,"ks":{"a":0,"k":{"i":[[0,0],[0,12.411],[-12.411,0],[0,0],[0,-12.412],[12.411,0]],"o":[[-12.411,0],[0,-12.412],[0,0],[12.411,0],[0,12.411],[0,0]],"v":[[-215.551,22.559],[-238.11,0.001],[-215.551,-22.559],[215.551,-22.559],[238.111,0.001],[215.551,22.559]],"c":true},"ix":2},"nm":"Path 2","mn":"ADBE Vector Shape - Group","hd":false},{"ty":"mm","mm":1,"nm":"Merge Paths 1","mn":"ADBE Vector Filter - Merge","hd":false},{"ty":"tr","p":{"a":0,"k":[238.36,22.81],"ix":2},"a":{"a":0,"k":[0,0],"ix":1},"s":{"a":0,"k":[100,100],"ix":3},"r":{"a":0,"k":0,"ix":6},"o":{"a":0,"k":100,"ix":7},"sk":{"a":0,"k":0,"ix":4},"sa":{"a":0,"k":0,"ix":5},"nm":"Transform"}],"nm":"Group 1","np":3,"cix":2,"bm":0,"ix":1,"mn":"ADBE Vector Group","hd":false},{"ty":"gf","o":{"a":0,"k":100,"ix":10},"r":1,"bm":0,"g":{"p":3,"k":{"a":0,"k":[0,0.6,0.957,1,0.5,0.701,0.968,1,1,0.803,0.979,1],"ix":9}},"s":{"a":0,"k":[392,0],"ix":5},"e":{"a":0,"k":[-83,0],"ix":6},"t":1,"nm":"Gradient Fill 1","mn":"ADBE Vector Graphic - G-Fill","hd":false}],"ip":0,"op":300,"st":0,"bm":0},{"ddd":0,"ind":13,"ty":4,"nm":"Bar Outline","sr":1,"ks":{"o":{"a":1,"k":[{"i":{"x":[0.833],"y":[0.833]},"o":{"x":[0.167],"y":[0.167]},"t":0,"s":[0]},{"i":{"x":[0.833],"y":[0.833]},"o":{"x":[0.167],"y":[0.167]},"t":10,"s":[100]},{"i":{"x":[0.833],"y":[0.833]},"o":{"x":[0.167],"y":[0.167]},"t":284,"s":[100]},{"t":292,"s":[0]}],"ix":11},"r":{"a":0,"k":0,"ix":10},"p":{"a":0,"k":[349.831,148.229,0],"ix":2,"l":2},"a":{"a":0,"k":[238.36,22.81,0],"ix":1,"l":2},"s":{"a":0,"k":[100,100,100],"ix":6,"l":2}},"ao":0,"ef":[{"ty":5,"nm":"Gaussian Blur (Legacy)","np":4,"mn":"ADBE Gaussian Blur","ix":1,"en":1,"ef":[{"ty":0,"nm":"Blurriness","mn":"ADBE Gaussian Blur-0001","ix":1,"v":{"a":0,"k":5.32,"ix":1}},{"ty":7,"nm":"Blur Dimensions","mn":"ADBE Gaussian Blur-0002","ix":2,"v":{"a":0,"k":1,"ix":2}}]}],"shapes":[{"ty":"gr","it":[{"ind":0,"ty":"sh","ix":1,"ks":{"a":0,"k":{"i":[[-11.368,0],[0,0],[0,11.368],[11.368,0],[0,0],[0,-11.369]],"o":[[0,0],[11.368,0],[0,-11.369],[0,0],[-11.368,0],[0,11.368]],"v":[[-215.551,20.669],[215.551,20.669],[236.22,0.001],[215.551,-20.67],[-215.551,-20.67],[-236.22,0.001]],"c":true},"ix":2},"nm":"Path 1","mn":"ADBE Vector Shape - Group","hd":false},{"ind":1,"ty":"sh","ix":2,"ks":{"a":0,"k":{"i":[[0,0],[0,12.411],[-12.411,0],[0,0],[0,-12.412],[12.411,0]],"o":[[-12.411,0],[0,-12.412],[0,0],[12.411,0],[0,12.411],[0,0]],"v":[[-215.551,22.559],[-238.11,0.001],[-215.551,-22.559],[215.551,-22.559],[238.111,0.001],[215.551,22.559]],"c":true},"ix":2},"nm":"Path 2","mn":"ADBE Vector Shape - Group","hd":false},{"ty":"mm","mm":1,"nm":"Merge Paths 1","mn":"ADBE Vector Filter - Merge","hd":false},{"ty":"tr","p":{"a":0,"k":[238.36,22.81],"ix":2},"a":{"a":0,"k":[0,0],"ix":1},"s":{"a":0,"k":[100,100],"ix":3},"r":{"a":0,"k":0,"ix":6},"o":{"a":0,"k":100,"ix":7},"sk":{"a":0,"k":0,"ix":4},"sa":{"a":0,"k":0,"ix":5},"nm":"Transform"}],"nm":"Group 1","np":3,"cix":2,"bm":0,"ix":1,"mn":"ADBE Vector Group","hd":false},{"ty":"gf","o":{"a":0,"k":100,"ix":10},"r":1,"bm":0,"g":{"p":3,"k":{"a":0,"k":[0,0.6,0.957,1,0.5,0.701,0.968,1,1,0.803,0.979,1],"ix":9}},"s":{"a":0,"k":[392,0],"ix":5},"e":{"a":0,"k":[-83,0],"ix":6},"t":1,"nm":"Gradient Fill 1","mn":"ADBE Vector Graphic - G-Fill","hd":false}],"ip":0,"op":300,"st":0,"bm":0}],"markers":[],"chars":[{"ch":"0","size":38,"style":"Bold","w":71,"data":{"shapes":[{"ty":"gr","it":[{"ind":0,"ty":"sh","ix":1,"ks":{"a":0,"k":{"i":[[0,7.324],[-2.962,4.004],[-4.07,0],[-2.962,-4.004],[0,-7.324],[2.962,-4.004],[4.07,0],[2.962,4.004]],"o":[[0,-7.324],[2.962,-4.004],[4.07,0],[2.962,4.004],[0,7.324],[-2.962,4.004],[-4.07,0],[-2.962,-4.004]],"v":[[20.508,-35.01],[24.951,-52.002],[35.498,-58.008],[46.045,-52.002],[50.488,-35.01],[46.045,-18.018],[35.498,-12.012],[24.951,-18.018]],"c":true},"ix":2},"nm":"0","mn":"ADBE Vector Shape - Group","hd":false},{"ind":1,"ty":"sh","ix":2,"ks":{"a":0,"k":{"i":[[0,10.938],[5.827,6.689],[8.333,0],[5.827,-6.689],[0,-10.938],[-5.827,-6.706],[-8.333,0],[-5.827,6.706]],"o":[[0,-10.938],[-5.827,-6.689],[-8.333,0],[-5.827,6.689],[0,10.938],[5.827,6.706],[8.333,0],[5.827,-6.706]],"v":[[65.479,-35.01],[56.738,-61.45],[35.498,-71.484],[14.258,-61.45],[5.518,-35.01],[14.258,-8.545],[35.498,1.514],[56.738,-8.545]],"c":true},"ix":2},"nm":"0","mn":"ADBE Vector Shape - Group","hd":false}],"nm":"0","np":5,"cix":2,"bm":0,"ix":1,"mn":"ADBE Vector Group","hd":false}]},"fFamily":"TT Norms"},{"ch":"%","size":38,"style":"Bold","w":81.49,"data":{"shapes":[{"ty":"gr","it":[{"ind":0,"ty":"sh","ix":1,"ks":{"a":0,"k":{"i":[[0,2.002],[-1.335,1.335],[-2.002,0],[-1.335,-1.335],[0,-2.002],[1.335,-1.335],[2.002,0],[1.335,1.335]],"o":[[0,-2.002],[1.335,-1.335],[2.002,0],[1.335,1.335],[0,2.002],[-1.335,1.335],[-2.002,0],[-1.335,-1.335]],"v":[[12.988,-55.005],[14.99,-60.01],[19.995,-62.012],[25,-60.01],[27.002,-55.005],[25,-50],[19.995,-47.998],[14.99,-50]],"c":true},"ix":2},"nm":"%","mn":"ADBE Vector Shape - Group","hd":false},{"ind":1,"ty":"sh","ix":2,"ks":{"a":0,"k":{"i":[[0,0],[0,0],[0,0],[0,0]],"o":[[0,0],[0,0],[0,0],[0,0]],"v":[[12.5,0],[25,0],[68.994,-70.02],[56.494,-70.02]],"c":true},"ix":2},"nm":"%","mn":"ADBE Vector Shape - Group","hd":false},{"ind":2,"ty":"sh","ix":3,"ks":{"a":0,"k":{"i":[[0,4.346],[3.337,3.32],[4.671,0],[3.337,-3.32],[0,-4.346],[-3.337,-3.337],[-4.671,0],[-3.337,3.337]],"o":[[0,-4.346],[-3.337,-3.32],[-4.671,0],[-3.337,3.32],[0,4.346],[3.337,3.337],[4.671,0],[3.337,-3.337]],"v":[[37.012,-55.005],[32.007,-66.504],[19.995,-71.484],[7.983,-66.504],[2.979,-55.005],[7.983,-43.481],[19.995,-38.477],[32.007,-43.481]],"c":true},"ix":2},"nm":"%","mn":"ADBE Vector Shape - Group","hd":false},{"ind":3,"ty":"sh","ix":4,"ks":{"a":0,"k":{"i":[[0,-2.002],[1.335,-1.335],[2.002,0],[1.335,1.335],[0,2.002],[-1.335,1.335],[-2.002,0],[-1.335,-1.335]],"o":[[0,2.002],[-1.335,1.335],[-2.002,0],[-1.335,-1.335],[0,-2.002],[1.335,-1.335],[2.002,0],[1.335,1.335]],"v":[[68.506,-15.015],[66.504,-10.01],[61.499,-8.008],[56.494,-10.01],[54.492,-15.015],[56.494,-20.02],[61.499,-22.021],[66.504,-20.02]],"c":true},"ix":2},"nm":"%","mn":"ADBE Vector Shape - Group","hd":false},{"ind":4,"ty":"sh","ix":5,"ks":{"a":0,"k":{"i":[[0,-4.329],[-3.337,-3.337],[-4.671,0],[-3.337,3.337],[0,4.329],[3.337,3.337],[4.671,0],[3.337,-3.337]],"o":[[0,4.329],[3.337,3.337],[4.671,0],[3.337,-3.337],[0,-4.329],[-3.337,-3.337],[-4.671,0],[-3.337,3.337]],"v":[[44.482,-14.99],[49.487,-3.491],[61.499,1.514],[73.511,-3.491],[78.516,-14.99],[73.511,-26.489],[61.499,-31.494],[49.487,-26.489]],"c":true},"ix":2},"nm":"%","mn":"ADBE Vector Shape - Group","hd":false}],"nm":"%","np":8,"cix":2,"bm":0,"ix":1,"mn":"ADBE Vector Group","hd":false}]},"fFamily":"TT Norms"},{"ch":"1","size":38,"style":"Bold","w":39.99,"data":{"shapes":[{"ty":"gr","it":[{"ind":0,"ty":"sh","ix":1,"ks":{"a":0,"k":{"i":[[0,0],[0,0],[0.7,-0.83],[0.993,-0.879],[1.79,-0.764],[2.148,-0.261],[0,0],[0,0],[0,0],[0,0],[0,0]],"o":[[0,0],[-0.293,0.586],[-0.7,0.83],[-0.993,0.879],[-1.79,0.764],[0,0],[0,0],[0,0],[0,0],[0,0],[0,0]],"v":[[18.506,-70.02],[18.115,-69.189],[16.626,-67.065],[14.087,-64.502],[9.912,-62.036],[4.004,-60.498],[4.004,-50.977],[16.016,-50.977],[16.016,0],[31.006,0],[31.006,-70.02]],"c":true},"ix":2},"nm":"1","mn":"ADBE Vector Shape - Group","hd":false}],"nm":"1","np":3,"cix":2,"bm":0,"ix":1,"mn":"ADBE Vector Group","hd":false}]},"fFamily":"TT Norms"},{"ch":"2","size":38,"style":"Bold","w":57.96,"data":{"shapes":[{"ty":"gr","it":[{"ind":0,"ty":"sh","ix":1,"ks":{"a":0,"k":{"i":[[0,0],[0,0],[0,0],[-2.702,2.165],[-2.588,1.709],[-2.473,2.034],[-1.53,2.898],[0,3.548],[4.607,4.329],[7.129,0],[3.044,-1.189],[1.66,-1.433],[1.27,-1.904],[0.293,-0.749],[0.13,-0.456],[0,0],[0,0],[-1.839,1.433],[-2.539,0],[-1.741,-1.611],[0,-2.8],[1.677,-2.068],[2.458,-1.546],[2.898,-2.197],[2.473,-2.425],[1.66,-4.167],[0,-5.144]],"o":[[0,0],[0,0],[1.399,-2.18],[2.702,-2.165],[2.588,-1.709],[2.473,-2.034],[1.53,-2.898],[0,-6.316],[-4.607,-4.329],[-3.645,0],[-3.044,1.189],[-1.66,1.433],[-1.27,1.904],[-0.293,0.749],[0,0],[0,0],[0.586,-1.399],[1.839,-1.433],[3.191,0],[1.741,1.611],[0,2.376],[-1.677,2.068],[-2.458,1.546],[-2.898,2.197],[-2.473,2.425],[-1.66,4.167],[0,0]],"v":[[52.49,0],[52.49,-14.014],[22.51,-14.014],[28.662,-20.532],[36.597,-26.343],[44.189,-31.958],[50.195,-39.355],[52.49,-49.023],[45.581,-64.99],[27.979,-71.484],[17.944,-69.702],[10.889,-65.771],[6.494,-60.767],[4.15,-56.787],[3.516,-54.98],[16.016,-49.023],[16.797,-51.123],[20.435,-55.371],[27.002,-57.52],[34.399,-55.103],[37.012,-48.486],[34.497,-41.821],[28.296,-36.401],[20.264,-30.786],[12.207,-23.853],[6.006,-13.965],[3.516,0]],"c":true},"ix":2},"nm":"2","mn":"ADBE Vector Shape - Group","hd":false}],"nm":"2","np":3,"cix":2,"bm":0,"ix":1,"mn":"ADBE Vector Group","hd":false}]},"fFamily":"TT Norms"},{"ch":"3","size":38,"style":"Bold","w":57.47,"data":{"shapes":[{"ty":"gr","it":[{"ind":0,"ty":"sh","ix":1,"ks":{"a":0,"k":{"i":[[0.325,0.13],[0,0],[-0.96,0.764],[-0.96,1.106],[-0.7,1.775],[0,2.051],[4.297,3.728],[7.063,0],[2.8,-0.764],[1.692,-0.896],[1.482,-1.237],[0.391,-0.471],[0.195,-0.261],[0,0],[0,0],[-2.229,1.106],[-2.539,0],[-1.692,-1.497],[0,-2.344],[1.709,-1.562],[2.93,0],[0,0],[0,0],[0,0],[-2.034,-1.692],[0,-2.605],[2.068,-1.692],[3.874,0],[1.807,0.52],[1.155,0.667],[1.042,0.862],[0.293,0.342],[0.13,0.195],[0,0],[0,0],[-1.482,-1.057],[-1.953,-1.074],[-3.076,-0.764],[-3.32,0],[-4.768,4.134],[0,5.73],[0.911,2.132],[1.091,1.204],[1.433,0.928],[0.569,0.244]],"o":[[0,0],[0.749,-0.325],[0.96,-0.764],[0.96,-1.106],[0.7,-1.775],[0,-5.534],[-4.297,-3.728],[-3.059,0],[-2.8,0.764],[-1.692,0.896],[-1.482,1.237],[-0.391,0.471],[0,0],[0,0],[0.977,-1.042],[2.229,-1.106],[2.962,0],[1.692,1.497],[0,2.539],[-1.709,1.562],[0,0],[0,0],[0,0],[3.581,0],[2.034,1.692],[0,2.605],[-2.068,1.692],[-1.921,0],[-1.807,-0.52],[-1.155,-0.667],[-1.042,-0.862],[-0.293,-0.342],[0,0],[0,0],[0.652,0.813],[1.482,1.057],[1.953,1.074],[3.076,0.764],[7.812,0],[4.768,-4.134],[0,-2.539],[-0.911,-2.132],[-1.091,-1.204],[-1.433,-0.928],[-0.569,-0.244]],"v":[[41.016,-37.012],[41.992,-37.5],[44.556,-39.136],[47.437,-41.943],[49.927,-46.265],[50.977,-52.002],[44.531,-65.894],[27.49,-71.484],[18.701,-70.337],[11.963,-67.847],[7.202,-64.648],[4.395,-62.085],[3.516,-60.986],[12.5,-52.002],[14.014,-53.613],[18.823,-56.836],[25.977,-58.496],[32.959,-56.25],[35.498,-50.488],[32.935,-44.336],[25.977,-41.992],[18.994,-41.992],[18.994,-29.492],[26.514,-29.492],[34.937,-26.953],[37.988,-20.508],[34.888,-14.062],[25.977,-11.523],[20.386,-12.305],[15.942,-14.087],[12.646,-16.382],[10.645,-18.188],[10.01,-18.994],[0.977,-9.521],[2.002,-8.398],[5.2,-5.591],[10.352,-2.393],[17.896,0.366],[27.49,1.514],[46.362,-4.688],[53.516,-19.482],[52.148,-26.489],[49.146,-31.494],[45.361,-34.692],[42.358,-36.45]],"c":true},"ix":2},"nm":"3","mn":"ADBE Vector Shape - Group","hd":false}],"nm":"3","np":3,"cix":2,"bm":0,"ix":1,"mn":"ADBE Vector Group","hd":false}]},"fFamily":"TT Norms"},{"ch":"4","size":38,"style":"Bold","w":62.99,"data":{"shapes":[{"ty":"gr","it":[{"ind":0,"ty":"sh","ix":1,"ks":{"a":0,"k":{"i":[[0,0],[0,0],[0,0],[0,0],[0,0],[0,0],[0,0],[0,0],[0,0],[0,0],[0,0]],"o":[[0,0],[0,0],[0,0],[0,0],[0,0],[0,0],[0,0],[0,0],[0,0],[0,0],[0,0]],"v":[[50.977,-25.488],[50.977,-70.02],[33.496,-70.02],[2.979,-27.49],[2.979,-12.5],[35.986,-12.5],[35.986,0],[50.977,0],[50.977,-12.5],[58.984,-12.5],[58.984,-25.488]],"c":true},"ix":2},"nm":"4","mn":"ADBE Vector Shape - Group","hd":false},{"ind":1,"ty":"sh","ix":2,"ks":{"a":0,"k":{"i":[[0,0],[0,0],[0,0]],"o":[[0,0],[0,0],[0,0]],"v":[[35.986,-25.488],[16.992,-25.488],[35.986,-52.49]],"c":true},"ix":2},"nm":"4","mn":"ADBE Vector Shape - Group","hd":false}],"nm":"4","np":5,"cix":2,"bm":0,"ix":1,"mn":"ADBE Vector Group","hd":false}]},"fFamily":"TT Norms"},{"ch":"5","size":38,"style":"Bold","w":61.96,"data":{"shapes":[{"ty":"gr","it":[{"ind":0,"ty":"sh","ix":1,"ks":{"a":0,"k":{"i":[[6.738,0],[2.669,-1.66],[0,0],[0,0],[0,0],[0,0],[0,0],[0,0],[0,0],[-1.888,0.911],[-2.409,0],[-2.263,-2.214],[0,-3.255],[2.132,-2.034],[3.743,0],[2.8,1.302],[0.83,0.764],[0.456,0.52],[0,0],[0,0],[-1.433,-1.057],[-1.904,-1.074],[-3.044,-0.764],[-3.32,0],[-4.9,4.639],[0,7.063],[4.475,4.46]],"o":[[-4.655,0],[0,0],[0,0],[0,0],[0,0],[0,0],[0,0],[0,0],[0.749,-0.911],[1.888,-0.911],[3.484,0],[2.263,2.214],[0,3.255],[-2.132,2.034],[-2.93,0],[-2.8,-1.302],[-0.83,-0.764],[0,0],[0,0],[0.586,0.813],[1.433,1.057],[1.904,1.074],[3.044,0.764],[7.878,0],[4.9,-4.639],[0,-6.738],[-4.475,-4.46]],"v":[[33.984,-46.484],[22.998,-43.994],[24.023,-56.982],[52.979,-56.982],[52.979,-70.02],[10.498,-70.02],[8.008,-29.98],[18.506,-29.004],[19.58,-30.42],[23.535,-33.154],[29.98,-34.521],[38.599,-31.201],[41.992,-22.998],[38.794,-15.063],[29.98,-12.012],[21.387,-13.965],[15.942,-17.065],[14.014,-18.994],[4.98,-9.521],[6.006,-8.398],[9.033,-5.591],[14.038,-2.393],[21.46,0.366],[31.006,1.514],[50.171,-5.444],[57.52,-22.998],[50.806,-39.795]],"c":true},"ix":2},"nm":"5","mn":"ADBE Vector Shape - Group","hd":false}],"nm":"5","np":3,"cix":2,"bm":0,"ix":1,"mn":"ADBE Vector Group","hd":false}]},"fFamily":"TT Norms"},{"ch":"6","size":38,"style":"Bold","w":61.47,"data":{"shapes":[{"ty":"gr","it":[{"ind":0,"ty":"sh","ix":1,"ks":{"a":0,"k":{"i":[[6.282,0],[0.879,-0.325],[0,0],[0,0],[0,0],[0,0],[0.993,-2.832],[0,-2.8],[-4.997,-4.736],[-7.666,0],[-4.997,4.736],[0,6.868],[4.851,4.932]],"o":[[-1.14,0],[0,0],[0,0],[0,0],[0,0],[-1.009,1.399],[-0.993,2.832],[0,6.868],[4.997,4.736],[7.666,0],[4.997,-4.736],[0,-6.477],[-4.851,-4.932]],"v":[[33.008,-47.51],[29.98,-47.021],[45.02,-70.02],[29.492,-70.02],[10.01,-39.99],[8.496,-37.793],[5.493,-31.445],[4.004,-22.998],[11.499,-5.591],[30.493,1.514],[49.487,-5.591],[56.982,-22.998],[49.707,-40.112]],"c":true},"ix":2},"nm":"6","mn":"ADBE Vector Shape - Group","hd":false},{"ind":1,"ty":"sh","ix":2,"ks":{"a":0,"k":{"i":[[0,-3.255],[2.263,-2.197],[3.467,0],[2.263,2.197],[0,3.255],[-2.263,2.214],[-3.467,0],[-2.263,-2.214]],"o":[[0,3.255],[-2.263,2.197],[-3.467,0],[-2.263,-2.197],[0,-3.255],[2.263,-2.214],[3.467,0],[2.263,2.214]],"v":[[42.48,-22.998],[39.087,-14.819],[30.493,-11.523],[21.899,-14.819],[18.506,-22.998],[21.899,-31.201],[30.493,-34.521],[39.087,-31.201]],"c":true},"ix":2},"nm":"6","mn":"ADBE Vector Shape - Group","hd":false}],"nm":"6","np":5,"cix":2,"bm":0,"ix":1,"mn":"ADBE Vector Group","hd":false}]},"fFamily":"TT Norms"},{"ch":"7","size":38,"style":"Bold","w":55.47,"data":{"shapes":[{"ty":"gr","it":[{"ind":0,"ty":"sh","ix":1,"ks":{"a":0,"k":{"i":[[0,0],[0,0],[0,0],[0,0],[0,0],[0,0],[0,0]],"o":[[0,0],[0,0],[0,0],[0,0],[0,0],[0,0],[0,0]],"v":[[2.979,-70.02],[2.979,-56.494],[35.01,-56.494],[8.008,0],[23.486,0],[50.977,-58.008],[50.977,-70.02]],"c":true},"ix":2},"nm":"7","mn":"ADBE Vector Shape - Group","hd":false}],"nm":"7","np":3,"cix":2,"bm":0,"ix":1,"mn":"ADBE Vector Group","hd":false}]},"fFamily":"TT Norms"},{"ch":"8","size":38,"style":"Bold","w":60.99,"data":{"shapes":[{"ty":"gr","it":[{"ind":0,"ty":"sh","ix":1,"ks":{"a":0,"k":{"i":[[3.142,0],[2.263,2.034],[0,2.605],[-2.263,2.034],[-3.142,0],[-2.263,-2.034],[0,-2.605],[2.263,-2.034]],"o":[[-3.142,0],[-2.263,-2.034],[0,-2.605],[2.263,-2.034],[3.142,0],[2.263,2.034],[0,2.605],[-2.263,2.034]],"v":[[30.493,-10.986],[22.388,-14.038],[18.994,-20.996],[22.388,-27.954],[30.493,-31.006],[38.599,-27.954],[41.992,-20.996],[38.599,-14.038]],"c":true},"ix":2},"nm":"8","mn":"ADBE Vector Shape - Group","hd":false},{"ind":1,"ty":"sh","ix":2,"ks":{"a":0,"k":{"i":[[2.669,0],[1.677,1.53],[0,2.263],[-1.677,1.53],[-2.669,0],[-1.66,-1.53],[0,-2.263],[1.66,-1.53]],"o":[[-2.669,0],[-1.677,-1.53],[0,-2.263],[1.677,-1.53],[2.669,0],[1.66,1.53],[0,2.263],[-1.66,1.53]],"v":[[30.518,-43.018],[23.999,-45.312],[21.484,-51.001],[23.999,-56.689],[30.518,-58.984],[37.012,-56.689],[39.502,-51.001],[37.012,-45.312]],"c":true},"ix":2},"nm":"8","mn":"ADBE Vector Shape - Group","hd":false},{"ind":2,"ty":"sh","ix":3,"ks":{"a":0,"k":{"i":[[-7.341,0],[-4.834,4.443],[0,6.12],[0.764,1.953],[0.911,1.237],[1.221,1.042],[0.471,0.293],[0.261,0.13],[0,0],[-1.335,2.327],[0,2.8],[4.411,3.889],[6.526,0],[4.395,-3.889],[0,-5.208],[-0.554,-1.611],[-0.7,-0.993],[-0.945,-0.862],[-0.359,-0.244],[-0.195,-0.13],[0,0],[1.025,-0.945],[1.009,-1.27],[0.732,-1.953],[0,-2.148],[-4.834,-4.443]],"o":[[7.341,0],[4.834,-4.443],[0,-2.148],[-0.764,-1.953],[-0.911,-1.237],[-1.221,-1.042],[-0.471,-0.293],[0,0],[1.335,-0.945],[1.335,-2.327],[0,-5.208],[-4.411,-3.889],[-6.526,0],[-4.395,3.889],[0,1.79],[0.554,1.611],[0.7,0.993],[0.945,0.862],[0.359,0.244],[0,0],[-0.749,0.456],[-1.025,0.945],[-1.009,1.27],[-0.732,1.953],[0,6.12],[4.834,4.443]],"v":[[30.493,1.514],[48.755,-5.151],[56.006,-20.996],[54.858,-27.148],[52.344,-31.934],[49.146,-35.352],[46.606,-37.354],[45.508,-37.988],[47.51,-39.404],[51.514,-44.312],[53.516,-52.002],[46.899,-65.649],[30.493,-71.484],[14.111,-65.649],[7.52,-52.002],[8.35,-46.899],[10.229,-42.993],[12.695,-40.21],[14.648,-38.55],[15.479,-37.988],[14.404,-37.402],[11.743,-35.303],[8.691,-31.982],[6.079,-27.148],[4.98,-20.996],[12.231,-5.151]],"c":true},"ix":2},"nm":"8","mn":"ADBE Vector Shape - Group","hd":false}],"nm":"8","np":6,"cix":2,"bm":0,"ix":1,"mn":"ADBE Vector Group","hd":false}]},"fFamily":"TT Norms"},{"ch":"9","size":38,"style":"Bold","w":61.47,"data":{"shapes":[{"ty":"gr","it":[{"ind":0,"ty":"sh","ix":1,"ks":{"a":0,"k":{"i":[[-6.282,0],[-0.847,0.325],[0,0],[0,0],[0,0],[0,0],[-1.009,2.849],[0,2.8],[5.013,4.72],[7.666,0],[4.997,-4.72],[0,-6.868],[-4.866,-4.932]],"o":[[1.14,0],[0,0],[0,0],[0,0],[0,0],[1.009,-1.399],[1.009,-2.849],[0,-6.868],[-5.013,-4.72],[-7.666,0],[-4.997,4.72],[0,6.477],[4.866,4.932]],"v":[[28.516,-22.51],[31.494,-22.998],[16.504,0],[31.982,0],[51.514,-29.98],[52.979,-32.178],[56.006,-38.55],[57.52,-47.021],[50,-64.404],[30.981,-71.484],[11.987,-64.404],[4.492,-47.021],[11.792,-29.907]],"c":true},"ix":2},"nm":"9","mn":"ADBE Vector Shape - Group","hd":false},{"ind":1,"ty":"sh","ix":2,"ks":{"a":0,"k":{"i":[[0,3.271],[-2.263,2.197],[-3.467,0],[-2.278,-2.197],[0,-3.271],[2.278,-2.197],[3.467,0],[2.263,2.197]],"o":[[0,-3.271],[2.263,-2.197],[3.467,0],[2.278,2.197],[0,3.271],[-2.278,2.197],[-3.467,0],[-2.263,-2.197]],"v":[[18.994,-46.997],[22.388,-55.2],[30.981,-58.496],[39.6,-55.2],[43.018,-46.997],[39.6,-38.794],[30.981,-35.498],[22.388,-38.794]],"c":true},"ix":2},"nm":"9","mn":"ADBE Vector Shape - Group","hd":false}],"nm":"9","np":5,"cix":2,"bm":0,"ix":1,"mn":"ADBE Vector Group","hd":false}]},"fFamily":"TT Norms"},{"ch":"L","size":38,"style":"Bold","w":58.98,"data":{"shapes":[{"ty":"gr","it":[{"ind":0,"ty":"sh","ix":1,"ks":{"a":0,"k":{"i":[[0,0],[0,0],[0,0],[0,0],[0,0],[0,0]],"o":[[0,0],[0,0],[0,0],[0,0],[0,0],[0,0]],"v":[[56.494,0],[56.494,-13.477],[24.023,-13.477],[24.023,-70.02],[8.984,-70.02],[8.984,0]],"c":true},"ix":2},"nm":"L","mn":"ADBE Vector Shape - Group","hd":false}],"nm":"L","np":3,"cix":2,"bm":0,"ix":1,"mn":"ADBE Vector Group","hd":false}]},"fFamily":"TT Norms"},{"ch":"o","size":38,"style":"Bold","w":58.98,"data":{"shapes":[{"ty":"gr","it":[{"ind":0,"ty":"sh","ix":1,"ks":{"a":0,"k":{"i":[[0,3.662],[-2.376,2.507],[-3.255,0],[-2.376,-2.507],[0,-3.662],[2.376,-2.49],[3.255,0],[2.376,2.49]],"o":[[0,-3.662],[2.376,-2.507],[3.255,0],[2.376,2.507],[0,3.662],[-2.376,2.49],[-3.255,0],[-2.376,-2.49]],"v":[[16.992,-24.487],[20.557,-33.74],[29.004,-37.5],[37.451,-33.74],[41.016,-24.487],[37.451,-15.259],[29.004,-11.523],[20.557,-15.259]],"c":true},"ix":2},"nm":"o","mn":"ADBE Vector Shape - Group","hd":false},{"ind":1,"ty":"sh","ix":2,"ks":{"a":0,"k":{"i":[[0,6.804],[5.159,5.095],[6.999,0],[5.176,-5.095],[0,-6.804],[-5.176,-5.095],[-6.999,0],[-5.159,5.095]],"o":[[0,-6.804],[-5.159,-5.095],[-6.999,0],[-5.176,5.095],[0,6.804],[5.176,5.095],[6.999,0],[5.159,-5.095]],"v":[[54.98,-24.512],[47.241,-42.358],[29.004,-50],[10.742,-42.358],[2.979,-24.512],[10.742,-6.665],[29.004,0.977],[47.241,-6.665]],"c":true},"ix":2},"nm":"o","mn":"ADBE Vector Shape - Group","hd":false}],"nm":"o","np":5,"cix":2,"bm":0,"ix":1,"mn":"ADBE Vector Group","hd":false}]},"fFamily":"TT Norms"},{"ch":"a","size":38,"style":"Bold","w":53.47,"data":{"shapes":[{"ty":"gr","it":[{"ind":0,"ty":"sh","ix":1,"ks":{"a":0,"k":{"i":[[0,0],[0,0],[0,0],[3.906,3.694],[6.184,0],[2.278,-0.7],[1.399,-0.83],[1.189,-1.074],[0.342,-0.439],[0.195,-0.261],[0,0],[0,0],[-1.823,0.83],[-2.214,0],[-1.497,-1.302],[0,-2.051],[0,0],[2.571,-2.669],[0,-4.004],[-3.059,-2.718],[-4.883,0],[-2.344,1.091],[-0.7,0.667],[-0.391,0.456]],"o":[[0,0],[0,0],[0,-5.598],[-3.906,-3.694],[-2.376,0],[-2.278,0.7],[-1.399,0.83],[-1.189,1.074],[-0.342,0.439],[0,0],[0,0],[0.749,-0.879],[1.823,-0.83],[2.669,0],[1.497,1.302],[0,0],[-4.524,0.813],[-2.571,2.669],[0,3.874],[3.059,2.718],[2.539,0],[2.344,-1.091],[0.7,-0.667],[0,0]],"v":[[33.008,0],[46.484,0],[46.484,-30.518],[40.625,-44.458],[25.488,-50],[18.506,-48.95],[12.988,-46.655],[9.106,-43.799],[6.812,-41.528],[6.006,-40.479],[13.477,-33.008],[14.6,-34.18],[18.457,-36.743],[24.512,-37.988],[30.762,-36.035],[33.008,-31.006],[17.48,-28.223],[6.836,-22.998],[2.979,-12.988],[7.568,-3.101],[19.482,0.977],[26.807,-0.659],[31.372,-3.296],[33.008,-4.98]],"c":true},"ix":2},"nm":"a","mn":"ADBE Vector Shape - Group","hd":false},{"ind":1,"ty":"sh","ix":2,"ks":{"a":0,"k":{"i":[[3.059,0],[0,3.32],[-3.679,0.586],[0,0],[0,0],[1.807,-1.936]],"o":[[-4.329,0],[0,-3.093],[0,0],[0,0],[0,3.45],[-1.807,1.936]],"v":[[22.998,-10.01],[16.504,-14.99],[22.021,-20.508],[33.008,-22.51],[33.008,-20.996],[30.298,-12.915]],"c":true},"ix":2},"nm":"a","mn":"ADBE Vector Shape - Group","hd":false}],"nm":"a","np":5,"cix":2,"bm":0,"ix":1,"mn":"ADBE Vector Group","hd":false}]},"fFamily":"TT Norms"},{"ch":"d","size":38,"style":"Bold","w":61.96,"data":{"shapes":[{"ty":"gr","it":[{"ind":0,"ty":"sh","ix":1,"ks":{"a":0,"k":{"i":[[2.8,0],[4.671,-4.932],[0,-7.129],[-4.671,-4.932],[-6.348,0],[-1.66,0.488],[-1.042,0.635],[-0.896,0.798],[-0.276,0.31],[-0.13,0.195],[0,0],[0,0],[0,0],[0,0],[0,0],[0,0],[2.425,1.172]],"o":[[-6.348,0],[-4.671,4.932],[0,7.129],[4.671,4.932],[1.79,0],[1.66,-0.488],[1.042,-0.635],[0.896,-0.798],[0.276,-0.31],[0,0],[0,0],[0,0],[0,0],[0,0],[0,0],[-1.009,-1.106],[-2.425,-1.172]],"v":[[26.514,-50],[9.985,-42.603],[2.979,-24.512],[9.985,-6.421],[26.514,0.977],[31.689,0.244],[35.742,-1.44],[38.647,-3.589],[40.405,-5.249],[41.016,-6.006],[41.016,0],[54.492,0],[54.492,-70.02],[41.016,-70.02],[41.016,-43.018],[39.502,-44.824],[34.351,-48.242]],"c":true},"ix":2},"nm":"d","mn":"ADBE Vector Shape - Group","hd":false},{"ind":1,"ty":"sh","ix":2,"ks":{"a":0,"k":{"i":[[3.32,0],[2.344,2.539],[0,3.938],[-2.344,2.522],[-3.32,0],[-2.344,-2.522],[0,-3.938],[2.344,-2.539]],"o":[[-3.32,0],[-2.344,-2.539],[0,-3.938],[2.344,-2.522],[3.32,0],[2.344,2.522],[0,3.938],[-2.344,2.539]],"v":[[29.004,-10.986],[20.508,-14.795],[16.992,-24.512],[20.508,-34.204],[29.004,-37.988],[37.5,-34.204],[41.016,-24.512],[37.5,-14.795]],"c":true},"ix":2},"nm":"d","mn":"ADBE Vector Shape - Group","hd":false}],"nm":"d","np":5,"cix":2,"bm":0,"ix":1,"mn":"ADBE Vector Group","hd":false}]},"fFamily":"TT Norms"},{"ch":"i","size":38,"style":"Bold","w":27.49,"data":{"shapes":[{"ty":"gr","it":[{"ind":0,"ty":"sh","ix":1,"ks":{"a":0,"k":{"i":[[0,0],[0,0],[0,0],[0,0]],"o":[[0,0],[0,0],[0,0],[0,0]],"v":[[20.02,-49.023],[6.494,-49.023],[6.494,0],[20.02,0]],"c":true},"ix":2},"nm":"i","mn":"ADBE Vector Shape - Group","hd":false},{"ind":1,"ty":"sh","ix":2,"ks":{"a":0,"k":{"i":[[0,2.263],[1.433,1.367],[2.473,0],[1.367,-1.367],[0,-2.263],[-1.35,-1.367],[-2.278,0],[-1.433,1.367]],"o":[[0,-2.263],[-1.433,-1.367],[-2.246,0],[-1.367,1.367],[0,2.263],[1.35,1.367],[2.473,0],[1.433,-1.367]],"v":[[20.996,-63.013],[18.848,-68.457],[12.988,-70.508],[7.568,-68.457],[5.518,-63.013],[7.544,-57.568],[12.988,-55.518],[18.848,-57.568]],"c":true},"ix":2},"nm":"i","mn":"ADBE Vector Shape - Group","hd":false}],"nm":"i","np":5,"cix":2,"bm":0,"ix":1,"mn":"ADBE Vector Group","hd":false}]},"fFamily":"TT Norms"},{"ch":"n","size":38,"style":"Bold","w":59.47,"data":{"shapes":[{"ty":"gr","it":[{"ind":0,"ty":"sh","ix":1,"ks":{"a":0,"k":{"i":[[0,0],[0,0],[0,0],[0,0],[0,0],[-1.807,2.002],[-3.059,0],[-1.775,-1.839],[0,-2.995],[0,0],[0,0],[0,0],[3.532,3.874],[5.598,0],[2.425,-1.302],[0.716,-0.764],[0.391,-0.52]],"o":[[0,0],[0,0],[0,0],[0,0],[0,-3.679],[1.807,-2.002],[2.8,0],[1.775,1.839],[0,0],[0,0],[0,0],[0,-6.575],[-3.532,-3.874],[-2.669,0],[-2.425,1.302],[-0.716,0.764],[0,0]],"v":[[19.482,-49.023],[6.006,-49.023],[6.006,0],[19.482,0],[19.482,-25.488],[22.192,-34.009],[29.492,-37.012],[36.353,-34.253],[39.014,-27.002],[39.014,0],[52.49,0],[52.49,-28.516],[47.192,-44.189],[33.496,-50],[25.854,-48.047],[21.143,-44.946],[19.482,-43.018]],"c":true},"ix":2},"nm":"n","mn":"ADBE Vector Shape - Group","hd":false}],"nm":"n","np":3,"cix":2,"bm":0,"ix":1,"mn":"ADBE Vector Group","hd":false}]},"fFamily":"TT Norms"},{"ch":"g","size":38,"style":"Bold","w":59.96,"data":{"shapes":[{"ty":"gr","it":[{"ind":0,"ty":"sh","ix":1,"ks":{"a":0,"k":{"i":[[0,0],[2.327,-2.327],[4.004,0],[2.344,1.189],[0.667,0.749],[0.325,0.456],[0,0],[0,0],[-1.27,-1.042],[-1.692,-0.993],[-2.571,-0.732],[-2.8,0],[-4.932,4.802],[0,7.063],[0,0],[0,0],[0,0],[0,0],[2.441,1.172],[2.8,0],[4.541,-4.866],[0,-6.609],[-4.541,-4.866],[-5.598,0],[-1.677,0.505],[-1.025,0.635],[-0.896,0.798],[-0.276,0.31],[-0.13,0.195]],"o":[[0,4.004],[-2.327,2.327],[-2.669,0],[-2.344,-1.189],[-0.667,-0.749],[0,0],[0,0],[0.52,0.716],[1.27,1.042],[1.692,0.993],[2.571,0.732],[7.454,0],[4.932,-4.802],[0,0],[0,0],[0,0],[0,0],[-0.977,-1.106],[-2.441,-1.172],[-5.598,0],[-4.541,4.866],[0,6.609],[4.541,4.866],[1.79,0],[1.677,-0.505],[1.025,-0.635],[0.896,-0.798],[0.276,-0.31],[0,0]],"v":[[39.502,-4.004],[36.011,5.493],[26.514,8.984],[18.994,7.202],[14.478,4.297],[12.988,2.49],[4.492,10.498],[5.42,11.621],[8.105,14.258],[12.549,17.31],[18.945,19.897],[27.002,20.996],[45.581,13.794],[52.979,-4.004],[52.979,-49.023],[39.502,-49.023],[39.502,-43.018],[37.988,-44.824],[32.861,-48.242],[25,-50],[9.79,-42.7],[2.979,-25.488],[9.79,-8.276],[25,-0.977],[30.2,-1.733],[34.253,-3.442],[37.134,-5.591],[38.892,-7.251],[39.502,-8.008]],"c":true},"ix":2},"nm":"g","mn":"ADBE Vector Shape - Group","hd":false},{"ind":1,"ty":"sh","ix":2,"ks":{"a":0,"k":{"i":[[0,3.467],[-2.132,2.263],[-3.076,0],[-2.295,-2.327],[0,-3.337],[2.295,-2.344],[3.076,0],[2.132,2.278]],"o":[[0,-3.467],[2.132,-2.263],[3.076,0],[2.295,2.327],[0,3.337],[-2.295,2.344],[-3.076,0],[-2.132,-2.278]],"v":[[16.992,-25.513],[20.19,-34.106],[28.003,-37.5],[36.06,-34.009],[39.502,-25.513],[36.06,-16.992],[28.003,-13.477],[20.19,-16.895]],"c":true},"ix":2},"nm":"g","mn":"ADBE Vector Shape - Group","hd":false}],"nm":"g","np":5,"cix":2,"bm":0,"ix":1,"mn":"ADBE Vector Group","hd":false}]},"fFamily":"TT Norms"},{"ch":".","size":38,"style":"Bold","w":25,"data":{"shapes":[{"ty":"gr","it":[{"ind":0,"ty":"sh","ix":1,"ks":{"a":0,"k":{"i":[[0,-2.002],[-1.562,-1.497],[-2.214,0],[-1.562,1.497],[0,2.002],[1.562,1.497],[2.214,0],[1.562,-1.497]],"o":[[0,2.002],[1.562,1.497],[2.214,0],[1.562,-1.497],[0,-2.002],[-1.562,-1.497],[-2.214,0],[-1.562,1.497]],"v":[[4.492,-6.519],[6.836,-1.27],[12.5,0.977],[18.164,-1.27],[20.508,-6.519],[18.164,-11.768],[12.5,-14.014],[6.836,-11.768]],"c":true},"ix":2},"nm":".","mn":"ADBE Vector Shape - Group","hd":false}],"nm":".","np":3,"cix":2,"bm":0,"ix":1,"mn":"ADBE Vector Group","hd":false}]},"fFamily":"TT Norms"}]}