{"v":"5.6.6","ip":0,"op":180,"fr":60,"w":300,"h":300,"layers":[{"ind":1733,"nm":"surface9841","ao":0,"ip":0,"op":264,"st":0,"ty":4,"ks":{"ty":"tr","o":{"k":100},"r":{"a":1,"k":[{"i":{"x":[0.67],"y":[1]},"o":{"x":[0.33],"y":[0]},"t":0,"s":[-1]},{"i":{"x":[0.67],"y":[1]},"o":{"x":[0.33],"y":[0]},"t":26,"s":[1]},{"i":{"x":[0.67],"y":[1]},"o":{"x":[0.33],"y":[0]},"t":59,"s":[-1]},{"i":{"x":[0.67],"y":[1]},"o":{"x":[0.33],"y":[0]},"t":85,"s":[1]},{"i":{"x":[0.67],"y":[1]},"o":{"x":[0.33],"y":[0]},"t":118,"s":[-1]},{"i":{"x":[0.67],"y":[1]},"o":{"x":[0.33],"y":[0]},"t":144,"s":[1]},{"t":177,"s":[-1]}],"ix":10},"p":{"a":1,"k":[{"i":{"x":0.67,"y":1},"o":{"x":0.33,"y":0},"t":0,"s":[0,0,0],"to":[0,4.17,0],"ti":[0,0,0]},{"i":{"x":0.67,"y":1},"o":{"x":0.33,"y":0},"t":44,"s":[0,25,0],"to":[0,0,0],"ti":[0,0,0]},{"i":{"x":0.67,"y":1},"o":{"x":0.33,"y":0},"t":90,"s":[0,0,0],"to":[0,0,0],"ti":[0,0,0]},{"i":{"x":0.67,"y":1},"o":{"x":0.33,"y":0},"t":134,"s":[0,25,0],"to":[0,0,0],"ti":[0,4.17,0]},{"t":180,"s":[0,0,0]}],"ix":2},"a":{"k":[0,0]},"s":{"k":[133.33,133.33]},"sk":{"k":0},"sa":{"k":0}},"shapes":[{"ty":"gr","hd":false,"nm":"surface9841","it":[{"ty":"gr","hd":false,"it":[{"ty":"sh","ks":{"k":{"i":[[0,0],[0,-2.25],[-1.5,-0.6],[-0.07,0.15],[0.15,0.07],[0,1.35],[-1.8,0],[0,-1.8],[1.73,-0.15],[0,0],[0,0.68],[0,0],[0,0],[0,0.15],[0.15,0],[0,0],[0,0],[0.15,0],[0,-0.15],[0,0],[0,0],[0,0],[0.15,0],[0,-0.15],[0,0],[0,0],[0,-0.15],[-0.15,0],[0,0],[0,0],[-0.6,-0.15],[0,0],[-0.23,0],[0,2.25],[2.25,0]],"o":[[-2.25,0],[0,1.57],[0.15,0.07],[0.07,-0.15],[-1.2,-0.52],[0,-1.8],[1.8,0],[0,1.73],[0,0],[0.6,-0.15],[0,0],[0,0],[0.15,0],[0,-0.15],[0,0],[0,0],[0,-0.15],[-0.15,0],[0,0],[0,0],[0,0],[0,-0.15],[-0.15,0],[0,0],[0,0],[-0.15,0],[0,0.15],[0,0],[0,0],[0,0.6],[0,0],[0,0.15],[2.25,0],[0,-2.25],[0,0]],"v":[[58.2,137.1],[54.15,141.15],[56.62,144.83],[57.07,144.68],[56.93,144.23],[54.9,141.16],[58.2,137.86],[61.5,141.16],[58.5,144.46],[58.5,142.88],[59.55,141.53],[59.55,141.08],[59.63,141.08],[59.93,140.78],[59.63,140.48],[59.25,140.48],[59.25,139.58],[58.95,139.28],[58.65,139.58],[58.65,140.48],[57.82,140.48],[57.82,139.58],[57.52,139.28],[57.22,139.58],[57.22,140.48],[56.77,140.48],[56.47,140.78],[56.77,141.08],[56.85,141.08],[56.85,141.53],[57.9,142.88],[57.9,144.83],[58.27,145.2],[62.32,141.15],[58.2,137.1]],"c":true}}},{"ty":"fl","o":{"k":100},"c":{"k":[0.34,0.71,0.39,1]}},{"ty":"tr","o":{"k":100},"r":{"k":0},"p":{"k":[0,0]},"a":{"k":[0,0]},"s":{"k":[100,100]},"sk":{"k":0},"sa":{"k":0},"hd":false}]},{"ty":"gr","hd":false,"it":[{"ty":"sh","ks":{"k":{"i":[[0,0],[0,2.5],[0,-2.5]],"o":[[0,2.5],[0,-2.5],[0,0]],"v":[[94.95,33.9],[91.2,33.9],[94.95,33.9]],"c":false}}},{"ty":"fl","o":{"k":100},"c":{"k":[0.29,0.63,0.32,1]}},{"ty":"tr","o":{"k":100},"r":{"k":0},"p":{"k":[0,0]},"a":{"k":[0,0]},"s":{"k":[100,100]},"sk":{"k":0},"sa":{"k":0},"hd":false}]},{"ty":"gr","hd":false,"it":[{"ty":"sh","ks":{"k":{"i":[[0,0],[0,0],[0,0],[-0.68,-1.8],[2.25,-1.42],[1.35,0.45],[1.05,3.07],[-1.65,0]],"o":[[0,0],[0,0],[-1.95,0],[1.2,3.07],[-0.68,0.45],[4.35,-0.6],[-0.75,-2.02],[0,0]],"v":[[112.5,28.2],[112.5,29.18],[100.43,29.18],[97.28,32.78],[95.85,38.55],[92.7,38.55],[95.85,32.03],[99.08,28.2]],"c":true}}},{"ty":"fl","o":{"k":100},"c":{"k":[0.95,0.95,0.95,1]}},{"ty":"tr","o":{"k":100},"r":{"k":0},"p":{"k":[0,0]},"a":{"k":[0,0]},"s":{"k":[100,100]},"sk":{"k":0},"sa":{"k":0},"hd":false}]},{"ty":"gr","hd":false,"it":[{"ty":"sh","ks":{"k":{"i":[[0,0],[0,-7.73],[0,0],[8.32,0]],"o":[[0,0],[0,0],[0.07,-0.07],[0,0]],"v":[[102.6,17.02],[109.88,28.27],[112.12,28.27],[102.6,17.02]],"c":true}}},{"ty":"fl","o":{"k":100},"c":{"k":[0.29,0.63,0.32,1]}},{"ty":"tr","o":{"k":100},"r":{"k":0},"p":{"k":[0,0]},"a":{"k":[0,0]},"s":{"k":[100,100]},"sk":{"k":0},"sa":{"k":0},"hd":false}]},{"ty":"gr","hd":false,"it":[{"ty":"sh","ks":{"k":{"i":[[0,0],[0,-7.73],[0,0],[8.32,0]],"o":[[0,0],[0,0],[0.07,-0.07],[0,0]],"v":[[99.3,17.02],[106.57,28.27],[108.82,28.27],[99.3,17.02]],"c":true}}},{"ty":"fl","o":{"k":100},"c":{"k":[0.29,0.63,0.32,1]}},{"ty":"tr","o":{"k":100},"r":{"k":0},"p":{"k":[0,0]},"a":{"k":[0,0]},"s":{"k":[100,100]},"sk":{"k":0},"sa":{"k":0},"hd":false}]},{"ty":"gr","hd":false,"it":[{"ty":"sh","ks":{"k":{"i":[[0,0],[0,-0.3],[0,0],[-0.68,-1.8],[2.25,-1.42],[1.35,0.45],[-1.2,4.73],[-4.28,-1.05],[-0.07,-6.15]],"o":[[0,0.3],[0,0],[-1.95,0],[1.2,3.07],[-0.68,0.45],[-3,-0.98],[2.4,-9.38],[4.42,1.13],[0,0]],"v":[[112.43,28.2],[112.43,29.18],[100.35,29.18],[97.2,32.78],[95.78,38.55],[92.63,38.55],[87.98,27.07],[103.96,17.1],[112.43,28.2]],"c":true}}},{"ty":"fl","o":{"k":100},"c":{"k":[0.34,0.71,0.39,1]}},{"ty":"tr","o":{"k":100},"r":{"k":0},"p":{"k":[0,0]},"a":{"k":[0,0]},"s":{"k":[100,100]},"sk":{"k":0},"sa":{"k":0},"hd":false}]},{"ty":"gr","hd":false,"it":[{"ty":"sh","ks":{"k":{"i":[[0,0],[-1.43,0.15],[0.15,-0.53],[0,0],[0.52,0.07],[0,0],[0.6,-0.08],[0,0],[1.65,1.65]],"o":[[0,0],[1.05,-0.07],[-0.15,0.52],[0,0],[-0.52,0],[0,0],[-0.6,0],[0,0],[0,0]],"v":[[127.27,86.1],[133.95,85.2],[138.15,90.3],[136.42,90.3],[135.97,91.28],[135,90.83],[135,92.18],[133.42,90.46],[126.45,90.61]],"c":true}}},{"ty":"fl","o":{"k":100},"c":{"k":[0.83,0.44,0.31,1]}},{"ty":"tr","o":{"k":100},"r":{"k":0},"p":{"k":[0,0]},"a":{"k":[0,0]},"s":{"k":[100,100]},"sk":{"k":0},"sa":{"k":0},"hd":false}]},{"ty":"gr","hd":false,"it":[{"ty":"sh","ks":{"k":{"i":[[0,0],[-2.4,0],[0,0],[0,0],[0,0]],"o":[[0,0],[5.93,0],[0,0],[0,0],[0,0]],"v":[[88.27,89.62],[90.97,92.85],[126.45,90.53],[127.35,86.1],[100.57,84.45]],"c":true}}},{"ty":"fl","o":{"k":100},"c":{"k":[0.83,0.44,0.31,1]}},{"ty":"tr","o":{"k":100},"r":{"k":0},"p":{"k":[0,0]},"a":{"k":[0,0]},"s":{"k":[100,100]},"sk":{"k":0},"sa":{"k":0},"hd":false}]},{"ty":"gr","hd":false,"it":[{"ty":"sh","ks":{"k":{"i":[[0,0],[0,0],[0,0],[-8.48,-0.15],[0,0],[0,0],[0,0],[0,3.68]],"o":[[0,-2.93],[0,0],[0,0],[7.05,0.15],[0,0],[0,0],[-0.07,0],[0,0]],"v":[[128.55,118.88],[89.62,107.1],[67.8,107.4],[73.05,124.65],[115.43,124.65],[109.88,166.28],[121.05,166.28],[128.55,118.88]],"c":true}}},{"ty":"fl","o":{"k":100},"c":{"k":[0.12,0.26,0.41,1]}},{"ty":"tr","o":{"k":100},"r":{"k":0},"p":{"k":[0,0]},"a":{"k":[0,0]},"s":{"k":[100,100]},"sk":{"k":0},"sa":{"k":0},"hd":false}]},{"ty":"gr","hd":false,"it":[{"ty":"sh","ks":{"k":{"i":[[0,0],[0.3,-4.3]],"o":[[0,0],[0,0]],"v":[[148.3,226.3],[151.8,232]],"c":false}}},{"ty":"st","lc":1,"lj":1,"ml":10,"o":{"k":100},"w":{"k":0.5},"c":{"k":[0.15,0.21,0.36,1]},"hd":false},{"ty":"tr","o":{"k":100},"r":{"k":0},"p":{"k":[0,0]},"a":{"k":[0,0]},"s":{"k":[75,75]},"sk":{"k":0},"sa":{"k":0},"hd":false}]},{"ty":"gr","hd":false,"it":[{"ty":"sh","ks":{"k":{"i":[[0,0],[0,0]],"o":[[0,0],[0,0]],"v":[[160.9,225.7],[158.5,227.1]],"c":false}}},{"ty":"st","lc":1,"lj":1,"ml":10,"o":{"k":100},"w":{"k":0.5},"c":{"k":[0.15,0.21,0.36,1]},"hd":false},{"ty":"tr","o":{"k":100},"r":{"k":0},"p":{"k":[0,0]},"a":{"k":[0,0]},"s":{"k":[75,75]},"sk":{"k":0},"sa":{"k":0},"hd":false}]},{"ty":"gr","hd":false,"it":[{"ty":"sh","ks":{"k":{"i":[[0,0],[0,0]],"o":[[0,0],[0,0]],"v":[[160.7,224.4],[158,225.4]],"c":false}}},{"ty":"st","lc":1,"lj":1,"ml":10,"o":{"k":100},"w":{"k":0.5},"c":{"k":[0.15,0.21,0.36,1]},"hd":false},{"ty":"tr","o":{"k":100},"r":{"k":0},"p":{"k":[0,0]},"a":{"k":[0,0]},"s":{"k":[75,75]},"sk":{"k":0},"sa":{"k":0},"hd":false}]},{"ty":"gr","hd":false,"it":[{"ty":"sh","ks":{"k":{"i":[[0,0],[0,0]],"o":[[0,0],[0,0]],"v":[[160.3,223.1],[157.6,223.8]],"c":false}}},{"ty":"st","lc":1,"lj":1,"ml":10,"o":{"k":100},"w":{"k":0.25},"c":{"k":[0.15,0.21,0.36,1]},"hd":false},{"ty":"tr","o":{"k":100},"r":{"k":0},"p":{"k":[0,0]},"a":{"k":[0,0]},"s":{"k":[75,75]},"sk":{"k":0},"sa":{"k":0},"hd":false}]},{"ty":"gr","hd":false,"it":[{"ty":"sh","ks":{"k":{"i":[[0,0],[2,0.2],[0.2,-3.2]],"o":[[0,0],[-1.9,-0.2],[0,0]],"v":[[165.4,227.6],[163.6,230],[156.6,231.9]],"c":false}}},{"ty":"st","lc":1,"lj":1,"ml":10,"o":{"k":100},"w":{"k":0.5},"c":{"k":[0.15,0.21,0.36,1]},"hd":false},{"ty":"tr","o":{"k":100},"r":{"k":0},"p":{"k":[0,0]},"a":{"k":[0,0]},"s":{"k":[75,75]},"sk":{"k":0},"sa":{"k":0},"hd":false}]},{"ty":"gr","hd":false,"it":[{"ty":"sh","ks":{"k":{"i":[[0,0],[0,0],[0,0],[0,0]],"o":[[0,0],[0,0],[0,0],[0,0]],"v":[[110.32,174],[128.62,174],[128.62,175.27],[110.32,175.27]],"c":true}}},{"ty":"fl","o":{"k":100},"c":{"k":[0.99,0.74,0.32,1]}},{"ty":"tr","o":{"k":100},"r":{"k":0},"p":{"k":[0,0]},"a":{"k":[0,0]},"s":{"k":[100,100]},"sk":{"k":0},"sa":{"k":0},"hd":false}]},{"ty":"gr","hd":false,"it":[{"ty":"sh","ks":{"k":{"i":[[0,0],[1.43,-3],[0,0],[0,-3.82],[0,0],[0.45,0.6],[1.43,0.38],[0,0]],"o":[[0,0],[-0.75,1.65],[0,0],[0,0],[0,0],[-0.45,-0.6],[-0.9,-0.23],[0,0]],"v":[[119.32,165.6],[115.5,167.78],[112.12,168.3],[110.32,174],[128.62,174],[128.1,171.75],[120.68,170.1],[119.32,165.6]],"c":true}}},{"ty":"fl","o":{"k":100},"c":{"k":[1,1,1,1]}},{"ty":"tr","o":{"k":100},"r":{"k":0},"p":{"k":[0,0]},"a":{"k":[0,0]},"s":{"k":[100,100]},"sk":{"k":0},"sa":{"k":0},"hd":false}]},{"ty":"gr","hd":false,"it":[{"ty":"sh","ks":{"k":{"i":[[0,0],[0,0],[0,0],[0,0]],"o":[[0,0],[0,0],[0,0],[0,0]],"v":[[119.93,156.75],[119.02,169.8],[112.12,169.8],[113.32,156.75]],"c":true}}},{"ty":"fl","o":{"k":100},"c":{"k":[1,0.48,0.39,1]}},{"ty":"tr","o":{"k":100},"r":{"k":0},"p":{"k":[0,0]},"a":{"k":[0,0]},"s":{"k":[100,100]},"sk":{"k":0},"sa":{"k":0},"hd":false}]},{"ty":"gr","hd":false,"it":[{"ty":"sh","ks":{"k":{"i":[[0,0],[-0.15,1.05],[-1.2,0.23],[0.9,0.6],[-0.82,0.45],[1.5,0.67],[0.82,-1.2],[-2.1,-0.07]],"o":[[1.73,0.07],[1.2,1.5],[1.27,-0.23],[0.82,0.75],[0.98,-0.45],[-1.5,-0.68],[-1.05,1.42],[0,0]],"v":[[96.6,36.38],[98.55,29.85],[104.78,32.55],[105.38,30.6],[110.78,32.7],[109.65,26.18],[95.7,26.93],[96.6,36.38]],"c":true}}},{"ty":"fl","o":{"k":100},"c":{"k":[0.46,0.2,0.18,1]}},{"ty":"tr","o":{"k":100},"r":{"k":0},"p":{"k":[0,0]},"a":{"k":[0,0]},"s":{"k":[100,100]},"sk":{"k":0},"sa":{"k":0},"hd":false}]},{"ty":"gr","hd":false,"it":[{"ty":"sh","ks":{"k":{"i":[[0,0],[-0.9,-1.8]],"o":[[1.2,-0.4],[0,0]],"v":[[124.2,47.9],[127.3,49.4]],"c":false}}},{"ty":"st","lc":1,"lj":1,"ml":10,"o":{"k":100},"w":{"k":0.5},"c":{"k":[0.17,0.09,0.09,1]},"hd":false},{"ty":"tr","o":{"k":100},"r":{"k":0},"p":{"k":[0,0]},"a":{"k":[0,0]},"s":{"k":[75,75]},"sk":{"k":0},"sa":{"k":0},"hd":false}]},{"ty":"gr","hd":false,"it":[{"ty":"sh","ks":{"k":{"i":[[0,0],[1.28,0.15],[-0.07,1.27],[-1.28,-0.15],[0.07,-1.35]],"o":[[-0.07,1.35],[-1.35,-0.15],[0.07,-1.35],[1.27,0.15],[0,0]],"v":[[96.6,36.38],[94.12,38.55],[91.88,35.93],[94.35,33.75],[96.6,36.38]],"c":true}}},{"ty":"fl","o":{"k":100},"c":{"k":[1,0.48,0.39,1]}},{"ty":"tr","o":{"k":100},"r":{"k":0},"p":{"k":[0,0]},"a":{"k":[0,0]},"s":{"k":[100,100]},"sk":{"k":0},"sa":{"k":0},"hd":false}]},{"ty":"gr","hd":false,"it":[{"ty":"sh","ks":{"k":{"i":[[0,0],[-0.82,0.07],[0,0.22],[0.82,-0.07],[0,-0.3]],"o":[[0,0.23],[0.82,-0.07],[0,-0.23],[-0.83,0.07],[0,0]],"v":[[105.23,33.15],[107.48,33.45],[108.6,32.93],[106.73,32.62],[105.23,33.15]],"c":true}}},{"ty":"fl","o":{"k":100},"c":{"k":[0.29,0.09,0,1]}},{"ty":"tr","o":{"k":100},"r":{"k":0},"p":{"k":[0,0]},"a":{"k":[0,0]},"s":{"k":[100,100]},"sk":{"k":0},"sa":{"k":0},"hd":false}]},{"ty":"gr","hd":false,"it":[{"ty":"sh","ks":{"k":{"i":[[0,0],[0.9,-0.08],[0,0.23],[-0.82,0.08],[0,-0.23]],"o":[[0,0.23],[-0.82,0.07],[0,-0.23],[0.9,0],[0,0]],"v":[[102.3,33.3],[100.05,33.9],[98.93,33.53],[100.73,32.93],[102.3,33.3]],"c":true}}},{"ty":"fl","o":{"k":100},"c":{"k":[0.29,0.09,0,1]}},{"ty":"tr","o":{"k":100},"r":{"k":0},"p":{"k":[0,0]},"a":{"k":[0,0]},"s":{"k":[100,100]},"sk":{"k":0},"sa":{"k":0},"hd":false}]},{"ty":"gr","hd":false,"it":[{"ty":"sh","ks":{"k":{"i":[[0,0],[0.3,-0.9],[0.3,0]],"o":[[0,0],[-0.2,0.6],[0,0]],"v":[[138.7,46.8],[139.5,52.9],[138,53.7]],"c":false}}},{"ty":"st","lc":1,"lj":1,"ml":10,"o":{"k":100},"w":{"k":0.5},"c":{"k":[0.17,0.09,0.09,1]},"hd":false},{"ty":"tr","o":{"k":100},"r":{"k":0},"p":{"k":[0,0]},"a":{"k":[0,0]},"s":{"k":[75,75]},"sk":{"k":0},"sa":{"k":0},"hd":false}]},{"ty":"gr","hd":false,"it":[{"ty":"sh","ks":{"k":{"i":[[0,0],[0,0],[2.03,-0.07],[0,0]],"o":[[0,0],[0,0],[-2.02,0],[0,0]],"v":[[101.02,41.62],[106.57,41.32],[103.72,44.25],[101.02,41.62]],"c":true}}},{"ty":"fl","o":{"k":100},"c":{"k":[0.95,0.95,0.95,1]}},{"ty":"tr","o":{"k":100},"r":{"k":0},"p":{"k":[0,0]},"a":{"k":[0,0]},"s":{"k":[100,100]},"sk":{"k":0},"sa":{"k":0},"hd":false}]},{"ty":"gr","hd":false,"it":[{"ty":"sh","ks":{"k":{"i":[[0,0],[0.22,0],[0,0.45],[-0.22,0],[0,-0.52]],"o":[[0,0.52],[-0.23,0],[0,-0.45],[0.3,-0.08],[0,0]],"v":[[107.02,36.75],[106.57,37.65],[106.12,36.75],[106.57,35.85],[107.02,36.75]],"c":true}}},{"ty":"fl","o":{"k":100},"c":{"k":[0.29,0.09,0,1]}},{"ty":"tr","o":{"k":100},"r":{"k":0},"p":{"k":[0,0]},"a":{"k":[0,0]},"s":{"k":[100,100]},"sk":{"k":0},"sa":{"k":0},"hd":false}]},{"ty":"gr","hd":false,"it":[{"ty":"sh","ks":{"k":{"i":[[0,0],[0,1.2],[0,-1.2]],"o":[[0,1.2],[0,-1.2],[0,0]],"v":[[102.3,36.75],[101.4,36.75],[102.3,36.75]],"c":false}}},{"ty":"fl","o":{"k":100},"c":{"k":[0.29,0.09,0,1]}},{"ty":"tr","o":{"k":100},"r":{"k":0},"p":{"k":[0,0]},"a":{"k":[0,0]},"s":{"k":[100,100]},"sk":{"k":0},"sa":{"k":0},"hd":false}]},{"ty":"gr","hd":false,"it":[{"ty":"sh","ks":{"k":{"i":[[0,0],[0,0],[3.52,0.23],[1.2,2.02],[0,0],[0,0]],"o":[[0,0],[-0.15,3.6],[-2.32,-0.07],[0,0],[0,0],[0,0]],"v":[[110.02,28.12],[109.5,39.07],[102.75,45.22],[97.12,41.85],[95.62,39.22],[96.15,27.37]],"c":true}}},{"ty":"fl","o":{"k":100},"c":{"k":[0.83,0.44,0.31,1]}},{"ty":"tr","o":{"k":100},"r":{"k":0},"p":{"k":[0,0]},"a":{"k":[0,0]},"s":{"k":[100,100]},"sk":{"k":0},"sa":{"k":0},"hd":false}]},{"ty":"gr","hd":false,"it":[{"ty":"sh","ks":{"k":{"i":[[0,0],[-6.3,-1.28],[0,0]],"o":[[0,0],[0,0],[0,0]],"v":[[97.35,40.65],[102,49.5],[103.8,41.02]],"c":true}}},{"ty":"fl","o":{"k":100},"c":{"k":[0.8,0.42,0.31,1]}},{"ty":"tr","o":{"k":100},"r":{"k":0},"p":{"k":[0,0]},"a":{"k":[0,0]},"s":{"k":[100,100]},"sk":{"k":0},"sa":{"k":0},"hd":false}]},{"ty":"gr","hd":false,"it":[{"ty":"sh","ks":{"k":{"i":[[0,0],[0,0],[0,0],[0,0],[-7.27,-0.23]],"o":[[0,0],[0,0],[0,0],[0.08,0],[0,0]],"v":[[101.02,54],[104.55,37.27],[95.85,37.27],[93.22,47.4],[101.02,54]],"c":true}}},{"ty":"fl","o":{"k":100},"c":{"k":[0.83,0.44,0.31,1]}},{"ty":"tr","o":{"k":100},"r":{"k":0},"p":{"k":[0,0]},"a":{"k":[0,0]},"s":{"k":[100,100]},"sk":{"k":0},"sa":{"k":0},"hd":false}]},{"ty":"gr","hd":false,"it":[{"ty":"sh","ks":{"k":{"i":[[0,0],[3.38,-1.05],[0.6,-4.27],[0,0],[0,0],[0.98,5.02]],"o":[[-0.98,-5.02],[0,0],[-0.6,4.27],[0,0],[0,-0.08],[0,0]],"v":[[93.38,69.98],[82.88,58.43],[78.9,64.8],[86.02,90.68],[100.5,84.53],[93.38,69.98]],"c":true}}},{"ty":"fl","o":{"k":100},"c":{"k":[0.85,0.85,0.85,1]}},{"ty":"tr","o":{"k":100},"r":{"k":0},"p":{"k":[0,0]},"a":{"k":[0,0]},"s":{"k":[100,100]},"sk":{"k":0},"sa":{"k":0},"hd":false}]},{"ty":"gr","hd":false,"it":[{"ty":"sh","ks":{"k":{"i":[[0,0],[0,0],[0,-0.23],[0,0]],"o":[[0,0],[0,0],[0,0.23],[0,0]],"v":[[81.98,59.1],[92.77,49.5],[94.5,50.93],[84.68,60.07]],"c":true}}},{"ty":"fl","o":{"k":100},"c":{"k":[0.85,0.85,0.85,1]}},{"ty":"tr","o":{"k":100},"r":{"k":0},"p":{"k":[0,0]},"a":{"k":[0,0]},"s":{"k":[100,100]},"sk":{"k":0},"sa":{"k":0},"hd":false}]},{"ty":"gr","hd":false,"it":[{"ty":"sh","ks":{"k":{"i":[[0,0],[-2.85,-1.12],[0,0],[0,0],[0,0]],"o":[[0,0],[3.23,1.27],[0,0],[0,0],[0,0]],"v":[[90.75,48.6],[96.23,54.98],[101.03,54],[100.13,52.65],[93.3,47.4]],"c":true}}},{"ty":"fl","o":{"k":100},"c":{"k":[0.85,0.85,0.85,1]}},{"ty":"tr","o":{"k":100},"r":{"k":0},"p":{"k":[0,0]},"a":{"k":[0,0]},"s":{"k":[100,100]},"sk":{"k":0},"sa":{"k":0},"hd":false}]},{"ty":"gr","hd":false,"it":[{"ty":"sh","ks":{"k":{"i":[[0,0],[0,0],[0,0],[0,0]],"o":[[0,0],[0,0],[0,0],[0,0]],"v":[[78.9,65.77],[74.18,107.32],[75.82,107.4],[81.45,65.77]],"c":true}}},{"ty":"fl","o":{"k":100},"c":{"k":[0.85,0.85,0.85,1]}},{"ty":"tr","o":{"k":100},"r":{"k":0},"p":{"k":[0,0]},"a":{"k":[0,0]},"s":{"k":[100,100]},"sk":{"k":0},"sa":{"k":0},"hd":false}]},{"ty":"gr","hd":false,"it":[{"ty":"sh","ks":{"k":{"i":[[0,0],[0,0],[3.52,-4.5],[0,0],[0,0],[-1.2,4.95],[0,0]],"o":[[0,0],[0,0],[-7.73,9.68],[0,0],[0.75,-3.6],[1.12,-4.95],[0,0]],"v":[[100.12,52.65],[93.3,47.4],[77.1,58.35],[67.88,107.47],[98.48,107.17],[103.88,63.97],[100.12,52.65]],"c":true}}},{"ty":"fl","o":{"k":100},"c":{"k":[1,0.4,0,1]}},{"ty":"tr","o":{"k":100},"r":{"k":0},"p":{"k":[0,0]},"a":{"k":[0,0]},"s":{"k":[100,100]},"sk":{"k":0},"sa":{"k":0},"hd":false}]},{"ty":"gr","hd":false,"it":[{"ty":"sh","ks":{"k":{"i":[[0,0],[-1.2,-4.95],[0,0],[4.57,0.07],[-1.43,1.2],[-1.2,4.12],[0,0]],"o":[[1.2,6.38],[1.35,5.62],[0,0],[0,0],[0,0],[1.12,-4.12],[0,0]],"v":[[101.02,54],[104.7,67.5],[110.55,83.32],[96.98,87.75],[96.23,83.7],[93.53,60.22],[101.02,54]],"c":true}}},{"ty":"fl","o":{"k":100},"c":{"k":[0.85,0.85,0.85,1]}},{"ty":"tr","o":{"k":100},"r":{"k":0},"p":{"k":[0,0]},"a":{"k":[0,0]},"s":{"k":[100,100]},"sk":{"k":0},"sa":{"k":0},"hd":false}]},{"ty":"gr","hd":false,"it":[{"ty":"sh","ks":{"k":{"i":[[0,0],[0,0],[0,0],[-8.48,-0.15],[0,0],[0,0],[0,0],[1.65,3.3]],"o":[[-1.8,-3.52],[0,0],[0,0],[7.05,0.15],[0,0],[0,0],[0,0],[0,0]],"v":[[134.48,115.95],[98.4,107.1],[77.33,107.4],[82.58,124.65],[124.95,124.65],[120,162.52],[127.5,162.52],[134.48,115.95]],"c":true}}},{"ty":"fl","o":{"k":100},"c":{"k":[0.11,0.25,0.37,1]}},{"ty":"tr","o":{"k":100},"r":{"k":0},"p":{"k":[0,0]},"a":{"k":[0,0]},"s":{"k":[100,100]},"sk":{"k":0},"sa":{"k":0},"hd":false}]},{"ty":"gr","hd":false,"it":[{"ty":"sh","ks":{"k":{"i":[[0,0],[0.3,-4.3]],"o":[[0,0],[0,0]],"v":[[157.7,221.7],[161.2,227.4]],"c":false}}},{"ty":"st","lc":1,"lj":1,"ml":10,"o":{"k":100},"w":{"k":0.5},"c":{"k":[0.15,0.21,0.36,1]},"hd":false},{"ty":"tr","o":{"k":100},"r":{"k":0},"p":{"k":[0,0]},"a":{"k":[0,0]},"s":{"k":[75,75]},"sk":{"k":0},"sa":{"k":0},"hd":false}]},{"ty":"gr","hd":false,"it":[{"ty":"sh","ks":{"k":{"i":[[0,0],[0,0]],"o":[[0,0],[0,0]],"v":[[170.3,221],[167.8,222.5]],"c":false}}},{"ty":"st","lc":1,"lj":1,"ml":10,"o":{"k":100},"w":{"k":0.5},"c":{"k":[0.15,0.21,0.36,1]},"hd":false},{"ty":"tr","o":{"k":100},"r":{"k":0},"p":{"k":[0,0]},"a":{"k":[0,0]},"s":{"k":[75,75]},"sk":{"k":0},"sa":{"k":0},"hd":false}]},{"ty":"gr","hd":false,"it":[{"ty":"sh","ks":{"k":{"i":[[0,0],[0,0]],"o":[[0,0],[0,0]],"v":[[170,219.8],[167.4,220.8]],"c":false}}},{"ty":"st","lc":1,"lj":1,"ml":10,"o":{"k":100},"w":{"k":0.5},"c":{"k":[0.15,0.21,0.36,1]},"hd":false},{"ty":"tr","o":{"k":100},"r":{"k":0},"p":{"k":[0,0]},"a":{"k":[0,0]},"s":{"k":[75,75]},"sk":{"k":0},"sa":{"k":0},"hd":false}]},{"ty":"gr","hd":false,"it":[{"ty":"sh","ks":{"k":{"i":[[0,0],[0,0]],"o":[[0,0],[0,0]],"v":[[169.7,218.5],[166.9,219.2]],"c":false}}},{"ty":"st","lc":1,"lj":1,"ml":10,"o":{"k":100},"w":{"k":0.25},"c":{"k":[0.15,0.21,0.36,1]},"hd":false},{"ty":"tr","o":{"k":100},"r":{"k":0},"p":{"k":[0,0]},"a":{"k":[0,0]},"s":{"k":[75,75]},"sk":{"k":0},"sa":{"k":0},"hd":false}]},{"ty":"gr","hd":false,"it":[{"ty":"sh","ks":{"k":{"i":[[0,0],[2,0.2],[0.2,-3.2]],"o":[[0,0],[-1.9,-0.2],[0,0]],"v":[[174.8,223],[173,225.4],[166,227.3]],"c":false}}},{"ty":"st","lc":1,"lj":1,"ml":10,"o":{"k":100},"w":{"k":0.5},"c":{"k":[0.15,0.21,0.36,1]},"hd":false},{"ty":"tr","o":{"k":100},"r":{"k":0},"p":{"k":[0,0]},"a":{"k":[0,0]},"s":{"k":[75,75]},"sk":{"k":0},"sa":{"k":0},"hd":false}]},{"ty":"gr","hd":false,"it":[{"ty":"sh","ks":{"k":{"i":[[0,0],[0,0],[0,0],[0,0]],"o":[[0,0],[0,0],[0,0],[0,0]],"v":[[117.38,170.48],[135.68,170.48],[135.68,171.75],[117.38,171.75]],"c":true}}},{"ty":"fl","o":{"k":100},"c":{"k":[0.99,0.74,0.32,1]}},{"ty":"tr","o":{"k":100},"r":{"k":0},"p":{"k":[0,0]},"a":{"k":[0,0]},"s":{"k":[100,100]},"sk":{"k":0},"sa":{"k":0},"hd":false}]},{"ty":"gr","hd":false,"it":[{"ty":"sh","ks":{"k":{"i":[[0,0],[1.43,-3],[0,0],[0,-3.82],[0,0],[0.45,0.6],[1.43,0.38],[0,0]],"o":[[0,0],[-0.75,1.65],[0,0],[0,0],[0,0],[-0.45,-0.6],[-0.98,-0.22],[0,0]],"v":[[126.38,162.07],[122.55,164.25],[119.18,164.77],[117.38,170.47],[135.68,170.47],[135.15,168.22],[127.73,166.57],[126.38,162.07]],"c":true}}},{"ty":"fl","o":{"k":100},"c":{"k":[0.95,0.95,0.95,1]}},{"ty":"tr","o":{"k":100},"r":{"k":0},"p":{"k":[0,0]},"a":{"k":[0,0]},"s":{"k":[100,100]},"sk":{"k":0},"sa":{"k":0},"hd":false}]},{"ty":"gr","hd":false,"it":[{"ty":"sh","ks":{"k":{"i":[[0,0],[0,0],[0,0],[0,0]],"o":[[0,0],[0,0],[0,0],[0,0]],"v":[[126.98,153.3],[126.07,166.27],[119.18,166.27],[120.38,153.3]],"c":true}}},{"ty":"fl","o":{"k":100},"c":{"k":[1,0.48,0.39,1]}},{"ty":"tr","o":{"k":100},"r":{"k":0},"p":{"k":[0,0]},"a":{"k":[0,0]},"s":{"k":[100,100]},"sk":{"k":0},"sa":{"k":0},"hd":false}]},{"ty":"gr","hd":false,"it":[{"ty":"sh","ks":{"k":{"i":[[0,0],[0,0],[0,0],[0,0]],"o":[[0,0],[0,0],[0,0],[0,0]],"v":[[99.75,185.1],[107.85,185.1],[105,188.25],[96.9,188.25]],"c":true}}},{"ty":"fl","o":{"k":100},"c":{"k":[0.34,0.71,0.39,1]}},{"ty":"tr","o":{"k":100},"r":{"k":0},"p":{"k":[0,0]},"a":{"k":[0,0]},"s":{"k":[100,100]},"sk":{"k":0},"sa":{"k":0},"hd":false}]},{"ty":"gr","hd":false,"it":[{"ty":"sh","ks":{"k":{"i":[[0,0],[0,0],[1.73,2.18],[0,0],[-1.5,2.85]],"o":[[0,0],[-2.32,1.5],[0,0],[-2.02,-2.63],[0,0]],"v":[[171.07,114.9],[187.05,135.38],[180,134.18],[171.9,123.9],[171.07,114.9]],"c":true}}},{"ty":"fl","o":{"k":100},"c":{"k":[0.96,0.79,0.09,1]}},{"ty":"tr","o":{"k":100},"r":{"k":0},"p":{"k":[0,0]},"a":{"k":[0,0]},"s":{"k":[100,100]},"sk":{"k":0},"sa":{"k":0},"hd":false}]},{"ty":"gr","hd":false,"it":[{"ty":"sh","ks":{"k":{"i":[[0,0],[7.57,0],[0,7.57],[-7.57,0],[0,-7.56]],"o":[[0,7.57],[-7.57,0],[0,-7.56],[7.57,0],[0,0]],"v":[[91.3,188.2],[77.6,201.9],[63.9,188.2],[77.6,174.5],[91.3,188.2]],"c":false}}},{"ty":"st","lc":1,"lj":1,"ml":10,"o":{"k":100},"w":{"k":1},"c":{"k":[0.29,0.63,0.32,1]},"hd":false},{"ty":"fl","o":{"k":100},"c":{"k":[1,1,1,1]}},{"ty":"tr","o":{"k":100},"r":{"k":0},"p":{"k":[0,0]},"a":{"k":[0,0]},"s":{"k":[75,75]},"sk":{"k":0},"sa":{"k":0},"hd":false}]},{"ty":"gr","hd":false,"it":[{"ty":"sh","ks":{"k":{"i":[[0,0],[-0.3,0],[0,0.3],[0.3,0],[0,-0.38]],"o":[[0,0.38],[0.3,0],[0,-0.38],[-0.3,0],[0,0]],"v":[[70.05,188.25],[70.65,188.85],[71.25,188.25],[70.65,187.65],[70.05,188.25]],"c":true}}},{"ty":"fl","o":{"k":100},"c":{"k":[1,1,1,1]}},{"ty":"tr","o":{"k":100},"r":{"k":0},"p":{"k":[0,0]},"a":{"k":[0,0]},"s":{"k":[100,100]},"sk":{"k":0},"sa":{"k":0},"hd":false}]},{"ty":"gr","hd":false,"it":[{"ty":"sh","ks":{"k":{"i":[[0,0],[-0.6,0.68],[0,0],[0.68,0.6],[0.6,-0.68],[0,0],[-0.68,-0.6]],"o":[[0.68,0.52],[0,0],[0.52,-0.68],[-0.68,-0.52],[0,0],[-0.6,0.68],[0,0]],"v":[[158.7,168.07],[160.95,167.85],[162.9,165.45],[162.67,163.2],[160.42,163.43],[158.47,165.82],[158.7,168.07]],"c":true}}},{"ty":"fl","o":{"k":100},"c":{"k":[0.96,0.79,0.09,1]}},{"ty":"tr","o":{"k":100},"r":{"k":0},"p":{"k":[0,0]},"a":{"k":[0,0]},"s":{"k":[100,100]},"sk":{"k":0},"sa":{"k":0},"hd":false}]},{"ty":"gr","hd":false,"it":[{"ty":"sh","ks":{"k":{"i":[[0,0],[-0.45,1.65],[0.75,0.9],[0,0],[1.05,-0.07],[0,0]],"o":[[-0.07,-0.07],[0.3,-1.12],[0,0],[-0.75,-0.82],[0,0],[0,0]],"v":[[74.1,181.2],[75.08,177.38],[74.33,174.15],[58.88,157.05],[56.03,155.92],[51.53,156.3]],"c":true}}},{"ty":"fl","o":{"k":100},"c":{"k":[0.34,0.71,0.39,1]}},{"ty":"tr","o":{"k":100},"r":{"k":0},"p":{"k":[0,0]},"a":{"k":[0,0]},"s":{"k":[100,100]},"sk":{"k":0},"sa":{"k":0},"hd":false}]},{"ty":"gr","hd":false,"it":[{"ty":"sh","ks":{"k":{"i":[[0,0],[0,0],[-2.1,0],[0,0]],"o":[[0,0],[1.1,1.7],[0,0],[0,0]],"v":[[196.5,117.1],[202.1,125.4],[207.2,128.1],[217.1,128.1]],"c":false}}},{"ty":"st","lc":1,"lj":1,"ml":10,"o":{"k":100},"w":{"k":1},"c":{"k":[0.96,0.97,0.96,1]},"hd":false},{"ty":"tr","o":{"k":100},"r":{"k":0},"p":{"k":[0,0]},"a":{"k":[0,0]},"s":{"k":[75,75]},"sk":{"k":0},"sa":{"k":0},"hd":false}]},{"ty":"gr","hd":false,"it":[{"ty":"sh","ks":{"k":{"i":[[0,0],[-1.27,0],[0,1.27],[1.27,0],[0,-1.28]],"o":[[0,1.2],[1.27,0],[0,-1.27],[-1.27,0],[0,0]],"v":[[128.77,92.85],[131.02,95.1],[133.27,92.85],[131.02,90.6],[128.77,92.85]],"c":true}}},{"ty":"fl","o":{"k":100},"c":{"k":[0.24,0.24,0.24,1]}},{"ty":"tr","o":{"k":100},"r":{"k":0},"p":{"k":[0,0]},"a":{"k":[0,0]},"s":{"k":[100,100]},"sk":{"k":0},"sa":{"k":0},"hd":false}]},{"ty":"gr","hd":false,"it":[{"ty":"sh","ks":{"k":{"i":[[0,0],[1.73,4.73],[0,0],[0,0],[-0.75,-1.88],[-2.4,0.75]],"o":[[-4.95,-0.75],[0,0],[0,0],[-1.43,1.43],[0.98,2.48],[0,0]],"v":[[67.05,179.18],[56.25,170.32],[54.52,165.6],[43.27,176.92],[42.07,182.32],[48.15,185.25]],"c":true}}},{"ty":"fl","o":{"k":100},"c":{"k":[0.21,0.21,0.21,1]}},{"ty":"tr","o":{"k":100},"r":{"k":0},"p":{"k":[0,0]},"a":{"k":[0,0]},"s":{"k":[100,100]},"sk":{"k":0},"sa":{"k":0},"hd":false}]},{"ty":"gr","hd":false,"it":[{"ty":"sh","ks":{"k":{"i":[[0,0],[0,0]],"o":[[0,0],[0,0]],"v":[[195.1,232.7],[203,255.9]],"c":false}}},{"ty":"st","lc":1,"lj":1,"ml":10,"o":{"k":100},"w":{"k":1},"c":{"k":[0.91,0.92,0.91,1]},"hd":false},{"ty":"tr","o":{"k":100},"r":{"k":0},"p":{"k":[0,0]},"a":{"k":[0,0]},"s":{"k":[75,75]},"sk":{"k":0},"sa":{"k":0},"hd":false}]},{"ty":"gr","hd":false,"it":[{"ty":"sh","ks":{"k":{"i":[[0,0],[0,0],[0.45,0],[0,0],[0.08,0],[0,0],[-0.23,1.35],[-0.38,-0.07],[0,0],[0,-0.45]],"o":[[0,0],[0,0.52],[0,0],[-0.07,0],[0,0],[-1.35,-0.3],[0.07,-0.38],[0,0],[0.53,0.16],[0,0]],"v":[[56.77,122.4],[56.77,125.47],[55.88,126.37],[53.18,126.37],[52.95,126.37],[36.07,122.39],[34.12,119.39],[34.95,118.79],[55.95,121.42],[56.77,122.4]],"c":true}}},{"ty":"fl","o":{"k":100},"c":{"k":[0.23,0.23,0.23,1]}},{"ty":"tr","o":{"k":100},"r":{"k":0},"p":{"k":[0,0]},"a":{"k":[0,0]},"s":{"k":[100,100]},"sk":{"k":0},"sa":{"k":0},"hd":false}]},{"ty":"gr","hd":false,"it":[{"ty":"sh","ks":{"k":{"i":[[0,0],[1.8,0],[0,0],[1.65,2.1],[0,0],[-0.9,1.88],[0,0],[0.6,1.28],[0,0],[9.07,1.65],[0,0],[0.9,-0.3],[0,0],[-0.07,0],[0,0],[-0.98,-0.15],[0,0],[-3.6,-8.55],[0,0],[0.6,-1.28],[0,0],[-1.28,-1.65],[0,0],[-2.7,0],[0,0],[-0.07,0]],"o":[[-1.43,1.05],[0,0],[-2.7,0],[0,0],[-1.27,-1.65],[0,0],[0.6,-1.27],[0,0],[-3.6,-8.55],[0,0],[-0.98,-0.15],[0,0],[0.07,0],[0,0],[0.9,-0.3],[0,0],[9.07,1.65],[0,0],[0.52,1.27],[0,0],[-0.9,1.88],[0,0],[1.65,2.18],[0,0],[0.08,0.07],[0,0]],"v":[[143.4,175.12],[138.38,176.7],[98.93,176.7],[92.03,173.32],[86.85,166.57],[86.25,160.8],[89.48,154.12],[89.55,150.07],[87.75,145.8],[67.43,129.45],[50.1,126.22],[47.25,126.45],[44.93,127.2],[45.07,127.12],[51.97,124.8],[54.82,124.57],[72.15,127.8],[92.47,144.15],[94.27,148.43],[94.2,152.48],[90.97,159.15],[91.57,164.93],[96.75,171.68],[103.65,175.05],[143.1,175.05],[143.4,175.12]],"c":true}}},{"ty":"fl","o":{"k":100},"c":{"k":[0.29,0.63,0.32,1]}},{"ty":"tr","o":{"k":100},"r":{"k":0},"p":{"k":[0,0]},"a":{"k":[0,0]},"s":{"k":[100,100]},"sk":{"k":0},"sa":{"k":0},"hd":false}]},{"ty":"gr","hd":false,"it":[{"ty":"sh","ks":{"k":{"i":[[0,0],[0,0],[0,0],[-2.55,0.82],[0,0],[-1.28,-1.65],[0,0],[-2.7,0],[0,0],[1.57,1.72]],"o":[[0,0],[0,0],[2.25,1.43],[0,0],[-0.9,1.88],[0,0],[1.65,2.18],[0,0],[-2.32,0.07],[0,0]],"v":[[87.68,172.43],[69.07,151.95],[80.4,159.15],[87.9,160.12],[90.97,159.15],[91.57,164.92],[96.75,171.67],[103.65,175.05],[93.75,175.05],[87.68,172.43]],"c":true}}},{"ty":"fl","o":{"k":100},"c":{"k":[1,1,1,1]}},{"ty":"tr","o":{"k":100},"r":{"k":0},"p":{"k":[0,0]},"a":{"k":[0,0]},"s":{"k":[100,100]},"sk":{"k":0},"sa":{"k":0},"hd":false}]},{"ty":"gr","hd":false,"it":[{"ty":"sh","ks":{"k":{"i":[[0,0],[0,0]],"o":[[0,0],[0,0]],"v":[[134.6,232.7],[114.2,255.9]],"c":false}}},{"ty":"st","lc":1,"lj":1,"ml":10,"o":{"k":100},"w":{"k":1},"c":{"k":[0.91,0.92,0.91,1]},"hd":false},{"ty":"tr","o":{"k":100},"r":{"k":0},"p":{"k":[0,0]},"a":{"k":[0,0]},"s":{"k":[75,75]},"sk":{"k":0},"sa":{"k":0},"hd":false}]},{"ty":"gr","hd":false,"it":[{"ty":"sh","ks":{"k":{"i":[[0,0],[0,0]],"o":[[0,0],[0,0]],"v":[[239.2,167.4],[222,177.7]],"c":false}}},{"ty":"st","lc":1,"lj":1,"ml":10,"o":{"k":100},"w":{"k":1},"c":{"k":[0.91,0.92,0.91,1]},"hd":false},{"ty":"tr","o":{"k":100},"r":{"k":0},"p":{"k":[0,0]},"a":{"k":[0,0]},"s":{"k":[75,75]},"sk":{"k":0},"sa":{"k":0},"hd":false}]},{"ty":"gr","hd":false,"it":[{"ty":"sh","ks":{"k":{"i":[[0,0],[0,0],[0,0],[0,0]],"o":[[0,0],[0,0],[0,0],[0,0]],"v":[[149.93,185.1],[111.52,185.1],[108.68,188.25],[151.05,188.25]],"c":true}}},{"ty":"fl","o":{"k":100},"c":{"k":[0.34,0.71,0.39,1]}},{"ty":"tr","o":{"k":100},"r":{"k":0},"p":{"k":[0,0]},"a":{"k":[0,0]},"s":{"k":[100,100]},"sk":{"k":0},"sa":{"k":0},"hd":false}]},{"ty":"gr","hd":false,"it":[{"ty":"sh","ks":{"k":{"i":[[0,0],[0,0],[10.05,-6.52],[0,0],[-3.52,-6.3],[0,0],[6.3,-7.12],[0,0],[2.47,0],[0,0],[1.65,2.1],[0,0],[-0.9,1.88],[0,0],[0.6,1.28],[0,0],[9.07,1.65],[0,0],[0.9,-0.3],[0,0],[0,-2.25],[0,0],[-0.9,-0.9],[0,0],[-2.93,0],[0,0],[-1.95,2.62],[0,0],[2.93,3.82]],"o":[[0,0],[-7.35,-9.45],[0,0],[6.75,2.48],[0,0],[4.65,8.32],[0,0],[-1.65,1.88],[0,0],[-2.7,0],[0,0],[-1.27,-1.65],[0,0],[0.6,-1.27],[0,0],[-3.6,-8.55],[0,0],[-0.98,-0.15],[0,0],[-2.1,0.68],[0,0],[0,1.27],[0,0],[1.95,2.1],[0,0],[3.23,0],[0,0],[2.77,-4.12],[0,0]],"v":[[187.05,135.3],[168.98,112.2],[138.23,107.1],[145.12,109.65],[161.02,123.3],[165.52,131.4],[162.75,157.27],[149.7,172.2],[143.18,175.2],[103.73,175.2],[96.83,171.82],[91.65,165.07],[91.05,159.3],[94.28,152.62],[94.35,148.57],[92.55,144.3],[72.23,127.95],[54.9,124.72],[52.05,124.95],[45.15,127.27],[41.63,132.22],[41.63,143.55],[42.98,147],[81.38,189.3],[88.95,192.67],[149.25,192.68],[157.43,188.55],[187.28,148.5],[187.05,135.3]],"c":true}}},{"ty":"fl","o":{"k":100},"c":{"k":[0.34,0.71,0.39,1]}},{"ty":"tr","o":{"k":100},"r":{"k":0},"p":{"k":[0,0]},"a":{"k":[0,0]},"s":{"k":[100,100]},"sk":{"k":0},"sa":{"k":0},"hd":false}]},{"ty":"gr","hd":false,"it":[{"ty":"sh","ks":{"k":{"i":[[0,0],[-3.68,-1.28],[0,0],[0,0],[-1.2,1.5],[0,0],[0.9,1.05],[0,0],[2.18,-0.3],[0,0],[6.07,0.9],[0,0],[0.15,-0.6]],"o":[[-0.75,3.82],[0,0],[0,0],[1.95,0],[0,0],[0.82,-1.05],[0,0],[-1.5,-1.65],[0,0],[-6.07,0.82],[0,0],[-0.6,-0.07],[0,0]],"v":[[37.5,118.73],[42.68,127.58],[89.1,143.18],[106.2,143.18],[111.15,140.86],[112.13,139.66],[112.05,136.13],[100.88,123.53],[95.03,121.36],[87.3,122.33],[68.93,122.18],[38.77,117.75],[37.5,118.73]],"c":true}}},{"ty":"fl","o":{"k":100},"c":{"k":[0.21,0.21,0.21,1]}},{"ty":"tr","o":{"k":100},"r":{"k":0},"p":{"k":[0,0]},"a":{"k":[0,0]},"s":{"k":[100,100]},"sk":{"k":0},"sa":{"k":0},"hd":false}]},{"ty":"gr","hd":false,"it":[{"ty":"sh","ks":{"k":{"i":[[0,0],[0,0],[0,0],[0,0],[0,0],[0,0],[-1.57,-2.48]],"o":[[0,0],[0,0],[0,0],[0,0],[0,0],[-1.27,2.62],[0,0]],"v":[[107.55,168.23],[97.43,177.98],[84.23,162.3],[84.23,139.8],[107.55,139.8],[101.78,151.5],[102.23,159.75]],"c":true}}},{"ty":"fl","o":{"k":100},"c":{"k":[0.18,0.18,0.18,1]}},{"ty":"tr","o":{"k":100},"r":{"k":0},"p":{"k":[0,0]},"a":{"k":[0,0]},"s":{"k":[100,100]},"sk":{"k":0},"sa":{"k":0},"hd":false}]},{"ty":"gr","hd":false,"it":[{"ty":"sh","ks":{"k":{"i":[[0,0],[0,0],[0,0],[0,0],[-1.35,-2.55],[0,0],[1.05,-2.78],[0,-5.32],[0,0]],"o":[[0,0],[0,0],[0,0],[-2.48,1.35],[0,0],[1.35,2.62],[-3.15,8.25],[0,0],[0,0]],"v":[[152.93,104.48],[149.48,107.1],[156.23,118.95],[153.98,120.15],[151.88,127.13],[156.23,135.38],[156.75,143.93],[147.15,175.13],[177.52,144.08]],"c":true}}},{"ty":"fl","o":{"k":100},"c":{"k":[0.18,0.18,0.18,1]}},{"ty":"tr","o":{"k":100},"r":{"k":0},"p":{"k":[0,0]},"a":{"k":[0,0]},"s":{"k":[100,100]},"sk":{"k":0},"sa":{"k":0},"hd":false}]},{"ty":"gr","hd":false,"it":[{"ty":"sh","ks":{"k":{"i":[[0,0],[0,0],[0,0],[0,0]],"o":[[0,0],[0,0],[0,0],[0,0]],"v":[[107.55,168.23],[152.25,169.2],[152.25,177.9],[95.85,177.9]],"c":true}}},{"ty":"fl","o":{"k":100},"c":{"k":[0.21,0.21,0.21,1]}},{"ty":"tr","o":{"k":100},"r":{"k":0},"p":{"k":[0,0]},"a":{"k":[0,0]},"s":{"k":[100,100]},"sk":{"k":0},"sa":{"k":0},"hd":false}]},{"ty":"gr","hd":false,"it":[{"ty":"sh","ks":{"k":{"i":[[0,0],[0,0],[-3.3,-4.12],[-4.12,1.28],[0,0]],"o":[[0,0],[-3.75,3.75],[2.7,3.38],[0,0],[0,0]],"v":[[54.75,155.7],[33.75,176.77],[33,190.57],[44.32,194.02],[79.65,182.7]],"c":true}}},{"ty":"fl","o":{"k":100},"c":{"k":[0.18,0.18,0.18,1]}},{"ty":"tr","o":{"k":100},"r":{"k":0},"p":{"k":[0,0]},"a":{"k":[0,0]},"s":{"k":[100,100]},"sk":{"k":0},"sa":{"k":0},"hd":false}]},{"ty":"gr","hd":false,"it":[{"ty":"sh","ks":{"k":{"i":[[0,0],[0,0],[1.8,0],[0,0],[0,0],[-0.07,-0.68]],"o":[[0,0],[0.38,1.73],[0,0],[0,0],[0.75,0.07],[0,0]],"v":[[35.32,129.38],[37.65,141],[34.88,144.38],[31.65,128.1],[33.82,128.1],[35.32,129.38]],"c":true}}},{"ty":"fl","o":{"k":100},"c":{"k":[0.96,0.79,0.09,1]}},{"ty":"tr","o":{"k":100},"r":{"k":0},"p":{"k":[0,0]},"a":{"k":[0,0]},"s":{"k":[100,100]},"sk":{"k":0},"sa":{"k":0},"hd":false}]},{"ty":"gr","hd":false,"it":[{"ty":"sh","ks":{"k":{"i":[[0,0],[0,0],[-0.45,-1.88],[0,0],[-2.1,-1.12],[0,0]],"o":[[0,0],[-1.95,0],[0,0],[0.45,2.4],[0,0],[0,0]],"v":[[54.07,124.43],[34.73,124.43],[31.73,128.1],[34.95,144.38],[39.08,149.93],[51.9,156.6]],"c":true}}},{"ty":"fl","o":{"k":100},"c":{"k":[0.18,0.18,0.18,1]}},{"ty":"tr","o":{"k":100},"r":{"k":0},"p":{"k":[0,0]},"a":{"k":[0,0]},"s":{"k":[100,100]},"sk":{"k":0},"sa":{"k":0},"hd":false}]},{"ty":"gr","hd":false,"it":[{"ty":"sh","ks":{"k":{"i":[[0,0],[0,0]],"o":[[0,0],[0,0]],"v":[[259.4,202.1],[252.4,229.2]],"c":false}}},{"ty":"st","lc":1,"lj":1,"ml":10,"o":{"k":100},"w":{"k":1},"c":{"k":[0.96,0.97,0.96,1]},"hd":false},{"ty":"tr","o":{"k":100},"r":{"k":0},"p":{"k":[0,0]},"a":{"k":[0,0]},"s":{"k":[75,75]},"sk":{"k":0},"sa":{"k":0},"hd":false}]},{"ty":"gr","hd":false,"it":[{"ty":"sh","ks":{"k":{"i":[[0,0],[27.6,0],[0,0],[0,0],[-2.55,0],[0,0]],"o":[[0,0],[0,0],[0,0],[1.57,2.02],[0,0],[0,0]],"v":[[215.25,171.9],[181.5,149.62],[171.98,162.52],[176.78,168.75],[183.3,171.98],[215.25,171.98]],"c":true}}},{"ty":"fl","o":{"k":100},"c":{"k":[0.34,0.71,0.39,1]}},{"ty":"tr","o":{"k":100},"r":{"k":0},"p":{"k":[0,0]},"a":{"k":[0,0]},"s":{"k":[100,100]},"sk":{"k":0},"sa":{"k":0},"hd":false}]},{"ty":"gr","hd":false,"it":[{"ty":"sh","ks":{"k":{"i":[[0,0],[0,0],[0,0],[0,0]],"o":[[0,0],[0,0],[0,0],[0,0]],"v":[[169.98,155.34],[178,151.99],[187.76,175.39],[179.73,178.73]],"c":true}}},{"ty":"fl","o":{"k":100},"c":{"k":[0.18,0.18,0.18,1]}},{"ty":"tr","o":{"k":100},"r":{"k":0},"p":{"k":[0,0]},"a":{"k":[0,0]},"s":{"k":[100,100]},"sk":{"k":0},"sa":{"k":0},"hd":false}]},{"ty":"gr","hd":false,"it":[{"ty":"sh","ks":{"k":{"i":[[0,0],[0.6,1.5],[0,0],[0,0],[0,0],[-1.5,0.6]],"o":[[1.5,-0.6],[0,0],[0,0],[0,0],[0.6,1.5],[0,0]],"v":[[187.8,186.82],[189.38,183],[184.65,171.6],[179.25,173.85],[183.98,185.25],[187.8,186.82]],"c":true}}},{"ty":"fl","o":{"k":100},"c":{"k":[0.18,0.18,0.18,1]}},{"ty":"tr","o":{"k":100},"r":{"k":0},"p":{"k":[0,0]},"a":{"k":[0,0]},"s":{"k":[100,100]},"sk":{"k":0},"sa":{"k":0},"hd":false}]},{"ty":"gr","hd":false,"it":[{"ty":"sh","ks":{"k":{"i":[[0,0],[5.38,0],[0,5.38],[-5.39,0],[0,-5.39]],"o":[[0,5.38],[-5.39,0],[0,-5.39],[5.38,0],[0,0]],"v":[[44.48,183.23],[34.73,192.98],[24.98,183.23],[34.73,173.48],[44.48,183.23]],"c":false}}},{"ty":"fl","o":{"k":100},"c":{"k":[0.21,0.21,0.21,1]}},{"ty":"tr","o":{"k":100},"r":{"k":0},"p":{"k":[0,0]},"a":{"k":[0,0]},"s":{"k":[100,100]},"sk":{"k":0},"sa":{"k":0},"hd":false}]},{"ty":"gr","hd":false,"it":[{"ty":"sh","ks":{"k":{"i":[[0,0],[6.96,0],[0,6.96],[-6.96,0],[0,-6.96]],"o":[[0,6.96],[-6.96,0],[0,-6.96],[6.96,0],[0,0]],"v":[[47.32,183.23],[34.73,195.82],[22.12,183.23],[34.73,170.62],[47.32,183.23]],"c":false}}},{"ty":"fl","o":{"k":100},"c":{"k":[1,1,1,1]}},{"ty":"tr","o":{"k":100},"r":{"k":0},"p":{"k":[0,0]},"a":{"k":[0,0]},"s":{"k":[100,100]},"sk":{"k":0},"sa":{"k":0},"hd":false}]},{"ty":"gr","hd":false,"it":[{"ty":"sh","ks":{"k":{"i":[[0,0],[13.79,0],[0,13.79],[-13.79,0],[0,-13.79]],"o":[[0,13.79],[-13.79,0],[0,-13.79],[13.79,0],[0,0]],"v":[[59.7,183.23],[34.73,208.2],[9.75,183.23],[34.73,158.25],[59.7,183.23]],"c":false}}},{"ty":"fl","o":{"k":100},"c":{"k":[0.18,0.18,0.18,1]}},{"ty":"tr","o":{"k":100},"r":{"k":0},"p":{"k":[0,0]},"a":{"k":[0,0]},"s":{"k":[100,100]},"sk":{"k":0},"sa":{"k":0},"hd":false}]},{"ty":"gr","hd":false,"it":[{"ty":"sh","ks":{"k":{"i":[[0,0],[5.39,0],[0,5.38],[-5.38,0],[0,-5.39]],"o":[[0,5.38],[-5.38,0],[0,-5.39],[5.39,0],[0,0]],"v":[[196.95,183.23],[187.2,192.98],[177.45,183.23],[187.2,173.48],[196.95,183.23]],"c":false}}},{"ty":"fl","o":{"k":100},"c":{"k":[0.21,0.21,0.21,1]}},{"ty":"tr","o":{"k":100},"r":{"k":0},"p":{"k":[0,0]},"a":{"k":[0,0]},"s":{"k":[100,100]},"sk":{"k":0},"sa":{"k":0},"hd":false}]},{"ty":"gr","hd":false,"it":[{"ty":"sh","ks":{"k":{"i":[[0,0],[1.11,-6.87],[6.87,1.11],[-1.12,6.87],[-6.87,-1.12]],"o":[[6.87,1.11],[-1.12,6.87],[-6.87,-1.12],[1.11,-6.87],[0,0]],"v":[[189.22,170.79],[199.64,185.25],[185.19,195.66],[174.77,181.21],[189.22,170.79]],"c":false}}},{"ty":"fl","o":{"k":100},"c":{"k":[0.91,0.92,0.91,1]}},{"ty":"tr","o":{"k":100},"r":{"k":0},"p":{"k":[0,0]},"a":{"k":[0,0]},"s":{"k":[100,100]},"sk":{"k":0},"sa":{"k":0},"hd":false}]},{"ty":"gr","hd":false,"it":[{"ty":"sh","ks":{"k":{"i":[[0,0],[2.21,-13.61],[13.62,2.21],[-2.21,13.61],[-13.62,-2.21]],"o":[[13.61,2.21],[-2.21,13.62],[-13.61,-2.21],[2.21,-13.62],[0,0]],"v":[[191.21,158.57],[211.86,187.23],[183.2,207.88],[162.55,179.23],[191.21,158.57]],"c":false}}},{"ty":"fl","o":{"k":100},"c":{"k":[0.18,0.18,0.18,1]}},{"ty":"tr","o":{"k":100},"r":{"k":0},"p":{"k":[0,0]},"a":{"k":[0,0]},"s":{"k":[100,100]},"sk":{"k":0},"sa":{"k":0},"hd":false}]},{"ty":"gr","hd":false,"it":[{"ty":"sh","ks":{"k":{"i":[[0,0],[0,0],[2.55,0],[0,0],[1.5,1.35],[0,0]],"o":[[0,0],[-1.5,2.1],[0,0],[-2.02,0],[0,0],[0,0]],"v":[[159.45,185.48],[154.65,192.45],[148.2,195.83],[99.07,195.83],[93.6,193.65],[84.22,184.65]],"c":true}}},{"ty":"fl","o":{"k":100},"c":{"k":[0.18,0.18,0.18,1]}},{"ty":"tr","o":{"k":100},"r":{"k":0},"p":{"k":[0,0]},"a":{"k":[0,0]},"s":{"k":[100,100]},"sk":{"k":0},"sa":{"k":0},"hd":false}]},{"ty":"gr","hd":false,"it":[{"ty":"sh","ks":{"k":{"i":[[0,0],[0,0],[0,0],[1.72,1.5],[0,0],[3.15,0],[0,0],[-2.62,-0.75],[0,0],[0,0],[-1.12,-1.2],[0,0]],"o":[[0,0],[0,0],[2.32,-0.3],[0,0],[-2.4,-2.02],[0,0],[0,2.7],[0,0],[0,0],[-1.35,0.82],[0,0],[0,0]],"v":[[157.35,104.93],[154.43,101.25],[161.1,100.35],[162.53,95.62],[157.13,90.98],[148.5,87.83],[135.75,87.83],[140.18,93.6],[145.43,95.03],[142.5,96.83],[141.98,100.73],[145.73,104.93]],"c":true}}},{"ty":"fl","o":{"k":100},"c":{"k":[0.34,0.71,0.39,1]}},{"ty":"tr","o":{"k":100},"r":{"k":0},"p":{"k":[0,0]},"a":{"k":[0,0]},"s":{"k":[100,100]},"sk":{"k":0},"sa":{"k":0},"hd":false}]},{"ty":"gr","hd":false,"it":[{"ty":"sh","ks":{"k":{"i":[[0,0],[0,0],[0,0],[0,0]],"o":[[0,0],[0,0],[0,0],[0,0]],"v":[[131.02,90.68],[146.92,90.68],[146.92,95.1],[131.02,95.1]],"c":true}}},{"ty":"fl","o":{"k":100},"c":{"k":[0.27,0.27,0.27,1]}},{"ty":"tr","o":{"k":100},"r":{"k":0},"p":{"k":[0,0]},"a":{"k":[0,0]},"s":{"k":[100,100]},"sk":{"k":0},"sa":{"k":0},"hd":false}]},{"ty":"gr","hd":false,"it":[{"ty":"sh","ks":{"k":{"i":[[0,0],[0,0],[0,-1.27],[0,0],[-0.3,-0.6],[0,0],[-1.65,-0.38],[0,0],[0,0],[0,0]],"o":[[0,0],[-1.2,0],[0,0],[0,0.68],[0,0],[0.9,1.43],[0,0],[0,0],[0,0],[0,0]],"v":[[135.68,87.82],[132.9,87.82],[130.65,90.07],[130.65,94.65],[131.18,96.6],[134.85,102.37],[138.83,105.22],[144.68,106.65],[151.05,103.88],[143.63,87.82]],"c":true}}},{"ty":"fl","o":{"k":100},"c":{"k":[0.18,0.18,0.18,1]}},{"ty":"tr","o":{"k":100},"r":{"k":0},"p":{"k":[0,0]},"a":{"k":[0,0]},"s":{"k":[100,100]},"sk":{"k":0},"sa":{"k":0},"hd":false}]},{"ty":"gr","hd":false,"it":[{"ty":"sh","ks":{"k":{"i":[[0,0],[0,0],[-3.22,-1.35],[-0.15,0],[0,0],[0,0]],"o":[[0,0],[0,3.52],[4.57,1.88],[0.3,0],[0,0],[0,0]],"v":[[138.23,107.1],[138.23,110.33],[143.55,118.35],[154.12,122.7],[161.18,115.65],[150.23,107.1]],"c":true}}},{"ty":"fl","o":{"k":100},"c":{"k":[0.27,0.27,0.27,1]}},{"ty":"tr","o":{"k":100},"r":{"k":0},"p":{"k":[0,0]},"a":{"k":[0,0]},"s":{"k":[100,100]},"sk":{"k":0},"sa":{"k":0},"hd":false}]},{"ty":"gr","hd":false,"it":[{"ty":"sh","ks":{"k":{"i":[[0,0],[0,0],[-1.05,0.3],[0,0],[0,0]],"o":[[0,0],[0.82,0.68],[0,0],[0,0],[0,0]],"v":[[65.62,187.2],[68.48,189.52],[71.55,190.2],[87.82,186.22],[82.35,179.7]],"c":true}}},{"ty":"fl","o":{"k":100},"c":{"k":[0.18,0.18,0.18,1]}},{"ty":"tr","o":{"k":100},"r":{"k":0},"p":{"k":[0,0]},"a":{"k":[0,0]},"s":{"k":[100,100]},"sk":{"k":0},"sa":{"k":0},"hd":false}]},{"ty":"gr","hd":false,"it":[{"ty":"sh","ks":{"k":{"i":[[0,0],[-1.2,0.15],[0.15,-0.53],[0,0],[0.45,0.07],[0,0],[0.52,-0.08],[0,0],[1.43,1.65]],"o":[[0,0],[0.98,-0.07],[-0.15,0.52],[0,0],[-0.45,0],[0,0],[-0.52,0],[0,0],[0,0]],"v":[[132.38,86.1],[138.15,85.2],[141.75,90.3],[140.25,90.3],[139.88,91.28],[138.98,90.83],[138.98,92.18],[137.62,90.46],[131.55,90.61]],"c":true}}},{"ty":"fl","o":{"k":100},"c":{"k":[0.67,0.35,0.25,1]}},{"ty":"tr","o":{"k":100},"r":{"k":0},"p":{"k":[0,0]},"a":{"k":[0,0]},"s":{"k":[100,100]},"sk":{"k":0},"sa":{"k":0},"hd":false}]},{"ty":"gr","hd":false,"it":[{"ty":"sh","ks":{"k":{"i":[[0,0],[-2.1,0],[0,0],[0,0],[0,0]],"o":[[0,0],[5.18,0],[0,0],[0,0],[0,0]],"v":[[97.88,88.65],[100.12,90.97],[131.62,90.52],[132.38,86.1],[109.5,83.77]],"c":true}}},{"ty":"fl","o":{"k":100},"c":{"k":[0.67,0.35,0.25,1]}},{"ty":"tr","o":{"k":100},"r":{"k":0},"p":{"k":[0,0]},"a":{"k":[0,0]},"s":{"k":[100,100]},"sk":{"k":0},"sa":{"k":0},"hd":false}]},{"ty":"gr","hd":false,"it":[{"ty":"sh","ks":{"k":{"i":[[0,0],[16.15,0],[0,2.73],[-16.16,0],[0,-2.73]],"o":[[0,2.73],[-16.16,0],[0,-2.73],[16.15,0],[0,0]],"v":[[216.23,206.7],[186.98,211.65],[157.73,206.7],[186.98,201.75],[216.23,206.7]],"c":false}}},{"ty":"fl","o":{"k":50},"c":{"k":[0.85,0.85,0.85,1]}},{"ty":"tr","o":{"k":100},"r":{"k":0},"p":{"k":[0,0]},"a":{"k":[0,0]},"s":{"k":[100,100]},"sk":{"k":0},"sa":{"k":0},"hd":false}]},{"ty":"gr","hd":false,"it":[{"ty":"sh","ks":{"k":{"i":[[0,0],[16.16,0],[0,2.73],[-16.15,0],[0,-2.73]],"o":[[0,2.73],[-16.15,0],[0,-2.73],[16.16,0],[0,0]],"v":[[66.52,206.7],[37.27,211.65],[8.02,206.7],[37.27,201.75],[66.52,206.7]],"c":false}}},{"ty":"fl","o":{"k":50},"c":{"k":[0.85,0.85,0.85,1]}},{"ty":"tr","o":{"k":100},"r":{"k":0},"p":{"k":[0,0]},"a":{"k":[0,0]},"s":{"k":[100,100]},"sk":{"k":0},"sa":{"k":0},"hd":false}]},{"ty":"tr","o":{"k":100},"r":{"k":0},"p":{"k":[0,0]},"a":{"k":[0,0]},"s":{"k":[100,100]},"sk":{"k":0},"sa":{"k":0},"hd":false}]}]}],"meta":{"g":"LF SVG to Lottie"},"assets":[]}